#ifndef GREATVIBES28PT7B_H
#define GREATVIBES28PT7B_H

#include <Adafruit_GFX.h>

const uint8_t GreatVibes28pt7bBitmaps[] PROGMEM = {
  0x00, 0x00, 0x00, 0x30, 0x00, 0x1F, 0x00, 0x01, 0xE0, 0x00, 0x1E, 0x00,
  0x03, 0xC0, 0x00, 0x3C, 0x00, 0x07, 0x80, 0x00, 0x78, 0x00, 0x0F, 0x00,
  0x00, 0xF0, 0x00, 0x0E, 0x00, 0x01, 0xE0, 0x00, 0x1C, 0x00, 0x03, 0x80,
  0x00, 0x38, 0x00, 0x07, 0x00, 0x00, 0x70, 0x00, 0x06, 0x00, 0x00, 0xE0,
  0x00, 0x0C, 0x00, 0x01, 0x80, 0x00, 0x18, 0x00, 0x01, 0x00, 0x00, 0x30,
  0x00, 0x02, 0x00, 0x00, 0x60, 0x00, 0x04, 0x00, 0x00, 0x80, 0x00, 0x08,
  0x00, 0x00, 0x00, 0x00, 0x00, 0x00, 0x07, 0x00, 0x00, 0x78, 0x00, 0x0F,
  0x80, 0x00, 0x78, 0x00, 0x07, 0x00, 0x00, 0x30, 0xC7, 0x38, 0xC7, 0x38,
  0xE7, 0x18, 0xC7, 0x18, 0xC6, 0x18, 0x82, 0x10, 0x82, 0x10, 0x00, 0x00,
  0x00, 0x01, 0xC0, 0x78, 0x00, 0x00, 0x0E, 0x03, 0x80, 0x00, 0x00, 0xE0,
  0x3C, 0x00, 0x00, 0x0F, 0x01, 0xC0, 0x00, 0x00, 0x70, 0x1C, 0x00, 0x00,
  0x07, 0x00, 0xE0, 0x00, 0x00, 0x38, 0x0E, 0x00, 0x00, 0x03, 0x80, 0x70,
  0x00, 0x00, 0x1C, 0x07, 0x00, 0x00, 0x01, 0xC0, 0x30, 0x00, 0x00, 0x0C,
  0x03, 0x80, 0x00, 0x00, 0xE0, 0x18, 0x00, 0x00, 0x06, 0x01, 0xC0, 0x00,
  0x00, 0x70, 0x1C, 0x00, 0x1F, 0xFF, 0xFF, 0xFF, 0xC0, 0x00, 0x30, 0x0E,
  0x00, 0x00, 0x03, 0x80, 0xE0, 0x00, 0x00, 0x38, 0x06, 0x00, 0x00, 0x01,
  0x80, 0x70, 0x00, 0x00, 0x1C, 0x03, 0x00, 0x00, 0x00, 0xC0, 0x38, 0x00,
  0x00, 0x0E, 0x01, 0x80, 0x00, 0x00, 0x60, 0x1C, 0x00, 0x00, 0x07, 0x00,
  0xC0, 0x00, 0x00, 0x30, 0x0E, 0x00, 0x07, 0xFF, 0xFF, 0xFF, 0xF0, 0x00,
  0x38, 0x06, 0x00, 0x00, 0x01, 0x80, 0x60, 0x00, 0x00, 0x18, 0x03, 0x00,
  0x00, 0x01, 0xC0, 0x30, 0x00, 0x00, 0x0C, 0x03, 0x80, 0x00, 0x00, 0xC0,
  0x18, 0x00, 0x00, 0x06, 0x01, 0x80, 0x00, 0x00, 0x60, 0x1C, 0x00, 0x00,
  0x07, 0x00, 0xC0, 0x00, 0x00, 0x30, 0x0C, 0x00, 0x00, 0x03, 0x00, 0x60,
  0x00, 0x00, 0x18, 0x06, 0x00, 0x00, 0x01, 0x80, 0x60, 0x00, 0x00, 0x18,
  0x03, 0x00, 0x00, 0x00, 0x40, 0x10, 0x00, 0x00, 0x00, 0x00, 0x00, 0x00,
  0x30, 0x00, 0x00, 0x00, 0x80, 0x00, 0x00, 0x06, 0x00, 0x00, 0x01, 0xF8,
  0x00, 0x00, 0x38, 0xB8, 0x00, 0x03, 0x86, 0x30, 0x00, 0x1C, 0x10, 0x40,
  0x00, 0xE0, 0xCF, 0x00, 0x03, 0x02, 0x7C, 0x00, 0x1C, 0x19, 0xF0, 0x00,
  0x70, 0x47, 0xC0, 0x01, 0xC3, 0x0E, 0x00, 0x07, 0x98, 0x00, 0x00, 0x1E,
  0x60, 0x00, 0x00, 0x7F, 0x00, 0x00, 0x01, 0xFC, 0x00, 0x00, 0x03, 0xE0,
  0x00, 0x00, 0x07, 0xC0, 0x00, 0x00, 0x1F, 0x00, 0x00, 0x00, 0x3E, 0x00,
  0x00, 0x01, 0xF8, 0x00, 0x00, 0x06, 0xF0, 0x00, 0x00, 0x33, 0xC0, 0x00,
  0x00, 0x87, 0x80, 0x00, 0x06, 0x1E, 0x00, 0x00, 0x10, 0x78, 0x00, 0x00,
  0xC1, 0xE0, 0x00, 0x02, 0x07, 0x00, 0x00, 0x18, 0x1C, 0x00, 0x00, 0x40,
  0xF0, 0x00, 0x03, 0x03, 0x80, 0x00, 0x08, 0x1C, 0x00, 0xE0, 0x60, 0xE0,
  0x01, 0xC3, 0x07, 0x00, 0x03, 0xE8, 0xF0, 0x00, 0x01, 0xFE, 0x00, 0x00,
  0x01, 0x00, 0x00, 0x00, 0x0C, 0x00, 0x00, 0x00, 0x60, 0x00, 0x00, 0x00,
  0x00, 0x01, 0xE0, 0x00, 0x00, 0x00, 0x7F, 0x00, 0x00, 0x00, 0x0F, 0x18,
  0x00, 0x00, 0x01, 0xE0, 0x80, 0x00, 0x00, 0x3C, 0x08, 0x00, 0x30, 0x07,
  0x80, 0x80, 0x06, 0x00, 0xF0, 0x18, 0x00, 0xC0, 0x0E, 0x01, 0x80, 0x1C,
  0x01, 0xE0, 0x10, 0x03, 0x80, 0x1C, 0x03, 0x00, 0x30, 0x03, 0xC0, 0x20,
  0x06, 0x00, 0x3C, 0x02, 0x00, 0xC0, 0x03, 0x87, 0x40, 0x18, 0x00, 0x78,
  0x7C, 0x03, 0x80, 0x07, 0x87, 0x80, 0x70, 0x00, 0x78, 0x70, 0x1E, 0x00,
  0x03, 0x06, 0x03, 0x40, 0x00, 0x38, 0x70, 0xC8, 0x00, 0x03, 0x89, 0xF1,
  0x80, 0x00, 0x1F, 0x00, 0x30, 0x00, 0x00, 0x00, 0x06, 0x00, 0x00, 0x00,
  0x00, 0x40, 0x00, 0x00, 0x00, 0x08, 0x00, 0x00, 0x00, 0x01, 0x81, 0xE0,
  0x00, 0x00, 0x30, 0x7F, 0x00, 0x00, 0x06, 0x0F, 0x18, 0x00, 0x00, 0x41,
  0xE0, 0x80, 0x00, 0x08, 0x3C, 0x08, 0x00, 0x01, 0x07, 0x80, 0x80, 0x00,
  0x30, 0xF0, 0x18, 0x00, 0x06, 0x0E, 0x01, 0x80, 0x00, 0x41, 0xE0, 0x18,
  0x00, 0x08, 0x1C, 0x01, 0x00, 0x01, 0x03, 0xC0, 0x30, 0x00, 0x30, 0x3C,
  0x02, 0x00, 0x06, 0x03, 0x80, 0x60, 0x00, 0xC0, 0x38, 0x04, 0x00, 0x08,
  0x07, 0x80, 0x80, 0x01, 0x00, 0x78, 0x18, 0x00, 0x30, 0x03, 0x03, 0x00,
  0x06, 0x00, 0x38, 0x20, 0x00, 0xC0, 0x03, 0x8C, 0x00, 0x18, 0x00, 0x1F,
  0x00, 0x03, 0x00, 0x00, 0x00, 0x00, 0x70, 0x00, 0x00, 0x00, 0x0E, 0x00,
  0x00, 0x00, 0x00, 0x00, 0x00, 0x00, 0x1F, 0xC0, 0x00, 0x00, 0x01, 0xFC,
  0x30, 0x00, 0x00, 0x07, 0xC0, 0x08, 0x00, 0x00, 0x1F, 0x00, 0x78, 0x00,
  0x00, 0x3E, 0x00, 0xFC, 0x00, 0x00, 0x7C, 0x00, 0xF8, 0x00, 0x00, 0xF8,
  0x00, 0xF8, 0x00, 0x01, 0xF0, 0x00, 0x70, 0x00, 0x01, 0xE0, 0x00, 0x00,
  0x00, 0x03, 0xC0, 0x00, 0x00, 0x00, 0x03, 0xC0, 0x00, 0x00, 0x00, 0x03,
  0xC0, 0x00, 0x00, 0x00, 0x03, 0x80, 0x00, 0x00, 0x00, 0x03, 0x80, 0x00,
  0x00, 0x00, 0x01, 0x80, 0x00, 0x00, 0x00, 0x01, 0x80, 0x00, 0x01, 0x00,
  0x01, 0xFE, 0x00, 0x01, 0x00, 0x1F, 0x41, 0x00, 0x01, 0x00, 0xF8, 0x30,
  0x80, 0x01, 0x03, 0xE0, 0x1F, 0x00, 0x03, 0x07, 0xC0, 0x00, 0x00, 0x06,
  0x0F, 0x80, 0x00, 0x00, 0x1C, 0x1F, 0x00, 0x00, 0x00, 0xF8, 0x3E, 0x01,
  0xFF, 0xFF, 0xE0, 0x3E, 0x0F, 0xFF, 0xFE, 0x00, 0x7C, 0x1F, 0x83, 0xF0,
  0x00, 0x7C, 0x3C, 0x00, 0x78, 0x00, 0xFC, 0x70, 0x00, 0x38, 0x00, 0xF8,
  0x70, 0x00, 0x1C, 0x00, 0xF8, 0x60, 0x00, 0x1C, 0x00, 0xF8, 0x60, 0x00,
  0x1C, 0x00, 0xF8, 0x60, 0x00, 0x38, 0x00, 0xF8, 0x20, 0x00, 0x38, 0x00,
  0xF8, 0x30, 0x00, 0x38, 0x00, 0xF8, 0x08, 0x00, 0x70, 0x00, 0x7C, 0x06,
  0x00, 0xE0, 0x00, 0x7C, 0x02, 0x00, 0xE0, 0x00, 0x3E, 0x00, 0x01, 0xC0,
  0x00, 0x1E, 0x00, 0x07, 0x00, 0x00, 0x0F, 0x00, 0x0E, 0x00, 0x00, 0x07,
  0xC0, 0x78, 0x00, 0x00, 0x00, 0xFF, 0xC0, 0x00, 0x00, 0x31, 0xCC, 0xE7,
  0x31, 0x98, 0x84, 0x20, 0x00, 0x00, 0x00, 0x60, 0x00, 0x00, 0x78, 0x00,
  0x00, 0x70, 0x00, 0x00, 0x18, 0x00, 0x00, 0x0E, 0x00, 0x00, 0x03, 0x00,
  0x00, 0x01, 0xC0, 0x00, 0x00, 0x70, 0x00, 0x00, 0x1C, 0x00, 0x00, 0x07,
  0x00, 0x00, 0x01, 0xC0, 0x00, 0x00, 0x70, 0x00, 0x00, 0x1C, 0x00, 0x00,
  0x07, 0x00, 0x00, 0x00, 0xE0, 0x00, 0x00, 0x38, 0x00, 0x00, 0x0F, 0x00,
  0x00, 0x01, 0xC0, 0x00, 0x00, 0x78, 0x00, 0x00, 0x0E, 0x00, 0x00, 0x03,
  0xC0, 0x00, 0x00, 0x70, 0x00, 0x00, 0x1E, 0x00, 0x00, 0x03, 0x80, 0x00,
  0x00, 0x70, 0x00, 0x00, 0x1E, 0x00, 0x00, 0x03, 0xC0, 0x00, 0x00, 0x70,
  0x00, 0x00, 0x0E, 0x00, 0x00, 0x01, 0xC0, 0x00, 0x00, 0x38, 0x00, 0x00,
  0x07, 0x00, 0x00, 0x00, 0xE0, 0x00, 0x00, 0x1C, 0x00, 0x00, 0x03, 0x80,
  0x00, 0x00, 0x70, 0x00, 0x00, 0x0E, 0x00, 0x00, 0x01, 0xC0, 0x00, 0x00,
  0x18, 0x00, 0x00, 0x03, 0x80, 0x00, 0x00, 0x70, 0x00, 0x00, 0x06, 0x00,
  0x00, 0x00, 0x60, 0x00, 0x00, 0x06, 0x00, 0x00, 0x00, 0x70, 0x00, 0x00,
  0x03, 0xE0, 0x00, 0x00, 0x00, 0x03, 0xE0, 0x00, 0x00, 0x03, 0x80, 0x00,
  0x00, 0x38, 0x00, 0x00, 0x03, 0x80, 0x00, 0x00, 0x30, 0x00, 0x00, 0x03,
  0x00, 0x00, 0x00, 0x70, 0x00, 0x00, 0x0E, 0x00, 0x00, 0x00, 0xC0, 0x00,
  0x00, 0x1C, 0x00, 0x00, 0x03, 0x80, 0x00, 0x00, 0x70, 0x00, 0x00, 0x0E,
  0x00, 0x00, 0x01, 0xC0, 0x00, 0x00, 0x38, 0x00, 0x00, 0x07, 0x00, 0x00,
  0x00, 0xE0, 0x00, 0x00, 0x1C, 0x00, 0x00, 0x07, 0x80, 0x00, 0x00, 0xF0,
  0x00, 0x00, 0x1C, 0x00, 0x00, 0x03, 0x80, 0x00, 0x00, 0xF0, 0x00, 0x00,
  0x1C, 0x00, 0x00, 0x03, 0x80, 0x00, 0x00, 0xF0, 0x00, 0x00, 0x1C, 0x00,
  0x00, 0x07, 0x80, 0x00, 0x00, 0xE0, 0x00, 0x00, 0x38, 0x00, 0x00, 0x0F,
  0x00, 0x00, 0x01, 0xC0, 0x00, 0x00, 0x70, 0x00, 0x00, 0x1C, 0x00, 0x00,
  0x03, 0x80, 0x00, 0x00, 0xE0, 0x00, 0x00, 0x38, 0x00, 0x00, 0x0E, 0x00,
  0x00, 0x03, 0x00, 0x00, 0x00, 0xC0, 0x00, 0x00, 0x70, 0x00, 0x00, 0x18,
  0x00, 0x00, 0x0E, 0x00, 0x00, 0x07, 0x00, 0x00, 0x07, 0x00, 0x00, 0x01,
  0x00, 0x00, 0x00, 0x00, 0x02, 0x00, 0x00, 0x0C, 0x00, 0x80, 0x30, 0x06,
  0x00, 0x60, 0x30, 0x01, 0x81, 0x80, 0x03, 0x0C, 0x00, 0x0C, 0x70, 0x00,
  0x1B, 0x80, 0x00, 0x7C, 0x03, 0xFF, 0xFF, 0xFF, 0xFF, 0xFF, 0x80, 0x3E,
  0x00, 0x01, 0xD8, 0x00, 0x0E, 0x70, 0x00, 0x70, 0xC0, 0x03, 0x83, 0x80,
  0x1C, 0x07, 0x00, 0x60, 0x18, 0x00, 0x00, 0x60, 0x01, 0x80, 0x03, 0x00,
  0x04, 0x00, 0x18, 0x00, 0x30, 0x3F, 0xFF, 0x81, 0x80, 0x03, 0x00, 0x0C,
  0x00, 0x18, 0x00, 0x30, 0x00, 0x40, 0x01, 0x80, 0x00, 0x39, 0xF7, 0xDF,
  0x3C, 0x30, 0x84, 0x23, 0x00, 0xFF, 0xFF, 0xFF, 0xF8, 0x77, 0xBF, 0xEE,
  0x00, 0x00, 0x00, 0x00, 0x00, 0x03, 0x80, 0x00, 0x00, 0x00, 0x03, 0xC0,
  0x00, 0x00, 0x00, 0x01, 0xC0, 0x00, 0x00, 0x00, 0x01, 0xC0, 0x00, 0x00,
  0x00, 0x01, 0xC0, 0x00, 0x00, 0x00, 0x01, 0xC0, 0x00, 0x00, 0x00, 0x01,
  0xC0, 0x00, 0x00, 0x00, 0x00, 0xE0, 0x00, 0x00, 0x00, 0x00, 0xE0, 0x00,
  0x00, 0x00, 0x00, 0xE0, 0x00, 0x00, 0x00, 0x00, 0xE0, 0x00, 0x00, 0x00,
  0x00, 0xE0, 0x00, 0x00, 0x00, 0x00, 0x60, 0x00, 0x00, 0x00, 0x00, 0x70,
  0x00, 0x00, 0x00, 0x00, 0x70, 0x00, 0x00, 0x00, 0x00, 0x70, 0x00, 0x00,
  0x00, 0x00, 0x70, 0x00, 0x00, 0x00, 0x00, 0x30, 0x00, 0x00, 0x00, 0x00,
  0x30, 0x00, 0x00, 0x00, 0x00, 0x38, 0x00, 0x00, 0x00, 0x00, 0x38, 0x00,
  0x00, 0x00, 0x00, 0x38, 0x00, 0x00, 0x00, 0x00, 0x18, 0x00, 0x00, 0x00,
  0x00, 0x18, 0x00, 0x00, 0x00, 0x00, 0x18, 0x00, 0x00, 0x00, 0x00, 0x1C,
  0x00, 0x00, 0x00, 0x00, 0x1C, 0x00, 0x00, 0x00, 0x00, 0x0C, 0x00, 0x00,
  0x00, 0x00, 0x0C, 0x00, 0x00, 0x00, 0x00, 0x0C, 0x00, 0x00, 0x00, 0x00,
  0x0C, 0x00, 0x00, 0x00, 0x00, 0x0E, 0x00, 0x00, 0x00, 0x00, 0x06, 0x00,
  0x00, 0x00, 0x00, 0x06, 0x00, 0x00, 0x00, 0x00, 0x06, 0x00, 0x00, 0x00,
  0x00, 0x06, 0x00, 0x00, 0x00, 0x00, 0x06, 0x00, 0x00, 0x00, 0x00, 0x07,
  0x00, 0x00, 0x00, 0x00, 0x03, 0x00, 0x00, 0x00, 0x00, 0x03, 0x00, 0x00,
  0x00, 0x00, 0x03, 0x00, 0x00, 0x00, 0x00, 0x03, 0x00, 0x00, 0x00, 0x00,
  0x03, 0x00, 0x00, 0x00, 0x00, 0x03, 0x80, 0x00, 0x00, 0x00, 0x01, 0x80,
  0x00, 0x00, 0x00, 0x01, 0x80, 0x00, 0x00, 0x00, 0x01, 0x80, 0x00, 0x00,
  0x00, 0x01, 0x80, 0x00, 0x00, 0x00, 0x00, 0x00, 0x00, 0x7C, 0x00, 0x00,
  0xE3, 0x00, 0x01, 0xC0, 0xC0, 0x01, 0xC0, 0x60, 0x01, 0xC0, 0x18, 0x01,
  0xC0, 0x0C, 0x01, 0xC0, 0x06, 0x01, 0xE0, 0x07, 0x01, 0xE0, 0x03, 0x81,
  0xE0, 0x01, 0xC0, 0xF0, 0x00, 0xC0, 0xF0, 0x00, 0xE0, 0xF0, 0x00, 0x70,
  0x78, 0x00, 0x30, 0x78, 0x00, 0x38, 0x3C, 0x00, 0x1C, 0x3C, 0x00, 0x0C,
  0x1E, 0x00, 0x0E, 0x1F, 0x00, 0x06, 0x0F, 0x00, 0x07, 0x07, 0x80, 0x03,
  0x07, 0x80, 0x03, 0x83, 0xC0, 0x01, 0x81, 0xE0, 0x01, 0xC0, 0xF0, 0x01,
  0xC0, 0x70, 0x00, 0xC0, 0x38, 0x00, 0xE0, 0x1C, 0x00, 0xE0, 0x0E, 0x00,
  0xE0, 0x07, 0x00, 0xE0, 0x01, 0xC0, 0xE0, 0x00, 0x71, 0xC0, 0x00, 0x1F,
  0x80, 0x00, 0x00, 0x00, 0x00, 0x38, 0x00, 0x03, 0x80, 0x00, 0x3C, 0x00,
  0x03, 0xC0, 0x00, 0x3E, 0x00, 0x02, 0xE0, 0x00, 0x6E, 0x00, 0x06, 0x70,
  0x00, 0x67, 0x00, 0x0C, 0x38, 0x00, 0xC3, 0x80, 0x00, 0x1C, 0x00, 0x01,
  0xC0, 0x00, 0x1E, 0x00, 0x00, 0xE0, 0x00, 0x0F, 0x00, 0x00, 0x70, 0x00,
  0x07, 0x80, 0x00, 0x38, 0x00, 0x03, 0xC0, 0x00, 0x1C, 0x00, 0x01, 0xC0,
  0x00, 0x0E, 0x00, 0x00, 0xE0, 0x00, 0x0F, 0x00, 0x00, 0x70, 0x00, 0x07,
  0x80, 0x00, 0x38, 0x00, 0x03, 0xC0, 0x00, 0x1C, 0x00, 0x01, 0xE0, 0x00,
  0x1E, 0x00, 0x00, 0x00, 0x00, 0x0F, 0xC0, 0x00, 0x03, 0xFE, 0x00, 0x00,
  0x60, 0xF0, 0x00, 0x0C, 0x0F, 0x00, 0x01, 0x00, 0xF0, 0x00, 0x30, 0x0F,
  0x00, 0x02, 0x00, 0xF0, 0x00, 0x40, 0x0F, 0x00, 0x0C, 0x01, 0xE0, 0x00,
  0x80, 0x1C, 0x00, 0x08, 0x03, 0xC0, 0x00, 0x00, 0x78, 0x00, 0x00, 0x07,
  0x00, 0x00, 0x00, 0xE0, 0x00, 0x00, 0x1C, 0x00, 0x00, 0x03, 0x80, 0x00,
  0x00, 0x70, 0x00, 0x00, 0x0E, 0x00, 0x00, 0x01, 0xC0, 0x00, 0x00, 0x38,
  0x00, 0x00, 0x07, 0x00, 0x00, 0x00, 0xE0, 0x00, 0x00, 0x18, 0x00, 0x00,
  0x03, 0x00, 0x00, 0x00, 0x60, 0x00, 0x00, 0x0C, 0x00, 0x00, 0x03, 0x80,
  0x06, 0x00, 0x7C, 0x00, 0xC0, 0x0F, 0xF0, 0x18, 0x01, 0xFF, 0xC3, 0x00,
  0x31, 0xFF, 0xE0, 0x06, 0x07, 0xF8, 0x00, 0x40, 0x0F, 0x00, 0x00, 0x00,
  0x00, 0x0F, 0x80, 0x00, 0x07, 0xF8, 0x00, 0x03, 0x0F, 0x80, 0x00, 0xC0,
  0xF0, 0x00, 0x20, 0x1E, 0x00, 0x08, 0x03, 0x80, 0x02, 0x00, 0xF0, 0x00,
  0x00, 0x1C, 0x00, 0x00, 0x07, 0x00, 0x00, 0x01, 0xC0, 0x00, 0x00, 0xF0,
  0x00, 0x00, 0x38, 0x00, 0x00, 0x1C, 0x00, 0x00, 0x0E, 0x00, 0x00, 0x07,
  0xF0, 0x00, 0x01, 0x87, 0x80, 0x00, 0x00, 0x78, 0x00, 0x00, 0x07, 0x80,
  0x00, 0x00, 0xF0, 0x00, 0x00, 0x1E, 0x00, 0x00, 0x03, 0xC0, 0x00, 0x00,
  0x78, 0x00, 0x00, 0x1E, 0x00, 0x00, 0x03, 0xC0, 0x00, 0x00, 0xF0, 0x00,
  0x00, 0x3E, 0x00, 0x00, 0x07, 0x80, 0x00, 0x01, 0xE0, 0x00, 0x00, 0x78,
  0x00, 0x00, 0x3C, 0x00, 0x00, 0x0F, 0x00, 0x06, 0x0F, 0x80, 0x00, 0x3F,
  0x80, 0x00, 0x00, 0x00, 0x00, 0x1E, 0x00, 0x00, 0xF8, 0x00, 0x03, 0xE0,
  0x00, 0x07, 0x80, 0x00, 0x1E, 0x00, 0x00, 0x78, 0x00, 0x01, 0xE0, 0x00,
  0x07, 0x80, 0x00, 0x1E, 0x00, 0x00, 0x38, 0x00, 0x00, 0xE0, 0x00, 0x03,
  0x80, 0x00, 0x0E, 0x03, 0x80, 0x38, 0x0F, 0x00, 0xE0, 0x1C, 0x03, 0x00,
  0x78, 0x0C, 0x00, 0xE0, 0x30, 0x03, 0xC0, 0xC0, 0x07, 0x03, 0x00, 0x0E,
  0x0F, 0xFF, 0xFF, 0x00, 0x00, 0xF0, 0x00, 0x01, 0xC0, 0x00, 0x07, 0x80,
  0x00, 0x0E, 0x00, 0x00, 0x3C, 0x00, 0x00, 0x70, 0x00, 0x01, 0xE0, 0x00,
  0x03, 0x80, 0x00, 0x0F, 0x00, 0x00, 0x1C, 0x00, 0x00, 0x70, 0x00, 0x00,
  0x00, 0x00, 0x08, 0x00, 0x07, 0xFF, 0x80, 0x00, 0x7F, 0xF8, 0x00, 0x07,
  0xFF, 0x80, 0x00, 0x3F, 0xF0, 0x00, 0x03, 0x00, 0x00, 0x00, 0x10, 0x00,
  0x00, 0x01, 0x00, 0x00, 0x00, 0x18, 0x00, 0x00, 0x00, 0x80, 0x00, 0x00,
  0x0C, 0x00, 0x00, 0x00, 0x40, 0x00, 0x00, 0x06, 0x00, 0x00, 0x00, 0x23,
  0xF0, 0x00, 0x02, 0xE3, 0xE0, 0x00, 0x18, 0x07, 0x00, 0x01, 0x80, 0x3C,
  0x00, 0x00, 0x01, 0xE0, 0x00, 0x00, 0x0F, 0x00, 0x00, 0x00, 0x78, 0x00,
  0x00, 0x03, 0xC0, 0x00, 0x00, 0x3C, 0x00, 0x00, 0x01, 0xE0, 0x00, 0x00,
  0x1E, 0x00, 0x00, 0x00, 0xE0, 0x00, 0x00, 0x0F, 0x00, 0x00, 0x00, 0xF0,
  0x00, 0x00, 0x0F, 0x00, 0x00, 0x00, 0xF0, 0x00, 0x00, 0x0E, 0x00, 0x00,
  0x01, 0xE0, 0x00, 0x10, 0x3C, 0x00, 0x00, 0xFF, 0x00, 0x00, 0x00, 0x00,
  0x00, 0x0C, 0x00, 0x00, 0x60, 0x00, 0x03, 0x00, 0x00, 0x30, 0x00, 0x01,
  0x80, 0x00, 0x0C, 0x00, 0x00, 0x60, 0x00, 0x03, 0x00, 0x00, 0x18, 0x00,
  0x00, 0xE0, 0x00, 0x07, 0x00, 0x00, 0x38, 0x00, 0x01, 0xC0, 0x00, 0x0E,
  0x0F, 0x00, 0x78, 0xFE, 0x03, 0xC4, 0x38, 0x0E, 0x20, 0xF0, 0x79, 0x03,
  0xC3, 0xC8, 0x0F, 0x0F, 0x60, 0x3C, 0x79, 0x00, 0xE1, 0xE8, 0x07, 0x8F,
  0x20, 0x1E, 0x3D, 0x80, 0x70, 0xF0, 0x03, 0x83, 0x80, 0x0E, 0x0E, 0x00,
  0x70, 0x38, 0x03, 0x80, 0xE0, 0x0C, 0x03, 0x80, 0x60, 0x0E, 0x03, 0x00,
  0x1C, 0x38, 0x00, 0x1F, 0x00, 0x00, 0x00, 0x3F, 0xFF, 0x00, 0x7F, 0xFF,
  0x00, 0xFF, 0xFE, 0x01, 0xFF, 0xFC, 0x01, 0xC0, 0x0C, 0x01, 0x00, 0x08,
  0x03, 0x00, 0x10, 0x02, 0x00, 0x20, 0x00, 0x00, 0x60, 0x00, 0x00, 0xC0,
  0x00, 0x00, 0x80, 0x00, 0x01, 0x80, 0x00, 0x03, 0x00, 0x00, 0x06, 0x00,
  0x00, 0x0C, 0x00, 0x00, 0x1C, 0x00, 0x00, 0x18, 0x00, 0x00, 0x30, 0x00,
  0x00, 0x70, 0x00, 0x00, 0xE0, 0x00, 0x01, 0xE0, 0x00, 0x01, 0xC0, 0x00,
  0x03, 0x80, 0x00, 0x07, 0x80, 0x00, 0x0F, 0x00, 0x00, 0x0F, 0x00, 0x00,
  0x1E, 0x00, 0x00, 0x3C, 0x00, 0x00, 0x7C, 0x00, 0x00, 0x78, 0x00, 0x00,
  0xF8, 0x00, 0x00, 0xF0, 0x00, 0x00, 0x00, 0x00, 0x7C, 0x00, 0x01, 0xC6,
  0x00, 0x07, 0x03, 0x00, 0x0E, 0x03, 0x00, 0x1C, 0x03, 0x00, 0x1C, 0x03,
  0x00, 0x3C, 0x03, 0x00, 0x3C, 0x03, 0x00, 0x3C, 0x06, 0x00, 0x3C, 0x06,
  0x00, 0x3C, 0x0C, 0x00, 0x3C, 0x18, 0x00, 0x3E, 0x30, 0x00, 0x1E, 0x60,
  0x00, 0x3E, 0xC0, 0x00, 0x7F, 0x80, 0x00, 0x8F, 0x00, 0x03, 0x0F, 0x00,
  0x06, 0x07, 0x80, 0x0C, 0x07, 0x80, 0x18, 0x07, 0x80, 0x38, 0x07, 0x80,
  0x30, 0x07, 0x80, 0x60, 0x03, 0x80, 0xE0, 0x03, 0x80, 0xC0, 0x07, 0x80,
  0xC0, 0x07, 0x00, 0xC0, 0x07, 0x00, 0xC0, 0x0E, 0x00, 0xC0, 0x1C, 0x00,
  0x60, 0x38, 0x00, 0x70, 0xE0, 0x00, 0x1F, 0x80, 0x00, 0x00, 0x07, 0xC0,
  0x00, 0xC7, 0x80, 0x08, 0x1C, 0x00, 0x80, 0x70, 0x18, 0x03, 0x81, 0x80,
  0x1C, 0x08, 0x00, 0xE0, 0xC0, 0x07, 0x0C, 0x00, 0x38, 0xE0, 0x03, 0xC6,
  0x00, 0x5E, 0x70, 0x04, 0xF3, 0x80, 0x2F, 0x18, 0x02, 0x79, 0xC0, 0x33,
  0x8E, 0x01, 0x3C, 0x78, 0x11, 0xC3, 0xC3, 0x1C, 0x1F, 0xF8, 0xE0, 0x7F,
  0x0E, 0x01, 0xF0, 0xE0, 0x00, 0x06, 0x00, 0x00, 0x60, 0x00, 0x06, 0x00,
  0x00, 0x70, 0x00, 0x07, 0x00, 0x00, 0x60, 0x00, 0x06, 0x00, 0x00, 0x60,
  0x00, 0x06, 0x00, 0x00, 0x60, 0x00, 0x04, 0x00, 0x00, 0xC0, 0x00, 0x00,
  0x01, 0xC0, 0x78, 0x0F, 0x81, 0xE0, 0x18, 0x00, 0x00, 0x00, 0x00, 0x00,
  0x00, 0x00, 0x00, 0x00, 0x07, 0x01, 0xE0, 0x3C, 0x07, 0x80, 0xE0, 0x00,
  0x00, 0xE0, 0x1F, 0x01, 0xF0, 0x1E, 0x00, 0xC0, 0x00, 0x00, 0x00, 0x00,
  0x00, 0x00, 0x00, 0x00, 0x00, 0x00, 0x38, 0x07, 0x80, 0x7C, 0x07, 0xC0,
  0x3C, 0x00, 0x80, 0x08, 0x01, 0x00, 0x60, 0x08, 0x00, 0x00, 0xC0, 0xE0,
  0x70, 0x70, 0x38, 0x38, 0x0C, 0x03, 0x80, 0x70, 0x0C, 0x01, 0x80, 0x30,
  0x06, 0x01, 0x00, 0x3F, 0xFF, 0x9F, 0xFF, 0x80, 0x00, 0x00, 0x00, 0x00,
  0x00, 0x07, 0xFF, 0xF3, 0xFF, 0xF0, 0x0C, 0x01, 0xC0, 0x1C, 0x01, 0xC0,
  0x18, 0x01, 0x80, 0x38, 0x0E, 0x07, 0x01, 0xC0, 0x60, 0x38, 0x0C, 0x01,
  0x00, 0x00, 0x00, 0x0F, 0xC0, 0x03, 0xFF, 0x80, 0x30, 0x7C, 0x02, 0x01,
  0xF0, 0x20, 0x07, 0x82, 0x70, 0x38, 0x1F, 0x83, 0xC0, 0xFC, 0x1E, 0x07,
  0xE0, 0xE0, 0x1E, 0x0E, 0x00, 0x00, 0xF0, 0x00, 0x0F, 0x00, 0x00, 0xF0,
  0x00, 0x07, 0x00, 0x00, 0x70, 0x00, 0x07, 0x00, 0x00, 0x70, 0x00, 0x07,
  0x00, 0x00, 0x30, 0x00, 0x03, 0x00, 0x00, 0x30, 0x00, 0x01, 0x00, 0x00,
  0x18, 0x00, 0x00, 0x80, 0x00, 0x0C, 0x00, 0x00, 0x40, 0x00, 0x02, 0x00,
  0x00, 0x00, 0x00, 0x00, 0x00, 0x00, 0x00, 0x00, 0x00, 0x00, 0x00, 0x00,
  0x00, 0x00, 0x70, 0x00, 0x07, 0xC0, 0x00, 0x3E, 0x00, 0x01, 0xE0, 0x00,
  0x07, 0x00, 0x00, 0x00, 0x00, 0x00, 0x00, 0x7F, 0xE0, 0x00, 0x00, 0x00,
  0x07, 0xC0, 0x3E, 0x00, 0x00, 0x00, 0x1C, 0x00, 0x03, 0x80, 0x00, 0x00,
  0x70, 0x00, 0x00, 0xE0, 0x00, 0x01, 0xC0, 0x00, 0x00, 0x30, 0x00, 0x07,
  0x00, 0x00, 0x00, 0x18, 0x00, 0x0E, 0x00, 0x00, 0x00, 0x0C, 0x00, 0x1C,
  0x00, 0x00, 0x00, 0x0E, 0x00, 0x38, 0x00, 0x00, 0x00, 0x06, 0x00, 0x70,
  0x00, 0x00, 0x00, 0x07, 0x00, 0xE0, 0x00, 0x3E, 0x00, 0x03, 0x01, 0xC0,
  0x00, 0xFF, 0x80, 0x03, 0x03, 0x80, 0x03, 0xF0, 0xC0, 0x03, 0x07, 0x00,
  0x0F, 0xE0, 0x60, 0x03, 0x07, 0x00, 0x1F, 0x80, 0x20, 0x03, 0x0E, 0x00,
  0x3F, 0x00, 0x00, 0x03, 0x1E, 0x00, 0x3E, 0x01, 0xF0, 0x03, 0x1C, 0x00,
  0x7C, 0x03, 0xE0, 0x03, 0x3C, 0x00, 0xFC, 0x07, 0xC0, 0x03, 0x38, 0x00,
  0xF8, 0x07, 0xC0, 0x03, 0x38, 0x01, 0xF0, 0x0F, 0x80, 0x06, 0x78, 0x01,
  0xE0, 0x0F, 0x80, 0x06, 0x70, 0x03, 0xE0, 0x1F, 0x00, 0x06, 0x70, 0x03,
  0xC0, 0x1F, 0x00, 0x0C, 0x70, 0x07, 0xC0, 0x3E, 0x00, 0x0C, 0x70, 0x07,
  0x80, 0x3E, 0x00, 0x18, 0xF0, 0x07, 0x80, 0x7C, 0x00, 0x18, 0xF0, 0x07,
  0x00, 0xFC, 0x00, 0x30, 0xF0, 0x0F, 0x00, 0xBC, 0x00, 0x60, 0xF0, 0x0F,
  0x01, 0x78, 0x00, 0xC0, 0x70, 0x0F, 0x03, 0x78, 0x01, 0x80, 0x70, 0x0F,
  0x06, 0x38, 0x03, 0x00, 0x70, 0x07, 0x0C, 0x38, 0x06, 0x00, 0x70, 0x07,
  0x18, 0x3C, 0x18, 0x00, 0x70, 0x03, 0xF0, 0x0F, 0xE0, 0x00, 0x38, 0x01,
  0xE0, 0x00, 0x00, 0x00, 0x38, 0x00, 0x00, 0x00, 0x00, 0x00, 0x1C, 0x00,
  0x00, 0x00, 0x00, 0x00, 0x1C, 0x00, 0x00, 0x00, 0x00, 0x00, 0x0E, 0x00,
  0x00, 0x00, 0x01, 0x00, 0x07, 0x00, 0x00, 0x00, 0x03, 0x00, 0x03, 0x80,
  0x00, 0x00, 0x0C, 0x00, 0x00, 0xE0, 0x00, 0x00, 0x30, 0x00, 0x00, 0x78,
  0x00, 0x01, 0xC0, 0x00, 0x00, 0x0F, 0x00, 0x1E, 0x00, 0x00, 0x00, 0x01,
  0xFF, 0xE0, 0x00, 0x00, 0x00, 0x00, 0x00, 0x00, 0xFF, 0x80, 0x00, 0x00,
  0x00, 0x1F, 0x01, 0xC0, 0x00, 0x00, 0x00, 0xE0, 0x00, 0xE0, 0x00, 0x00,
  0x07, 0x00, 0x00, 0xC0, 0x00, 0x00, 0x38, 0x00, 0x00, 0xC2, 0x00, 0x01,
  0xE0, 0x00, 0x01, 0x8C, 0x00, 0x07, 0x00, 0x00, 0x03, 0x18, 0x00, 0x3C,
  0x00, 0x00, 0x07, 0x30, 0x00, 0xF0, 0x00, 0x00, 0x0C, 0x60, 0x03, 0xC0,
  0x00, 0x00, 0x18, 0x60, 0x0F, 0x00, 0x00, 0x00, 0x70, 0xE0, 0x3C, 0x00,
  0x00, 0x01, 0xC0, 0xE0, 0xF0, 0x00, 0x00, 0x07, 0x00, 0xE3, 0xC0, 0x00,
  0x00, 0x1C, 0x00, 0x7F, 0x00, 0x00, 0x00, 0xE0, 0x00, 0x3E, 0x00, 0x00,
  0x07, 0x00, 0x00, 0xFF, 0x80, 0x01, 0xF8, 0x00, 0x01, 0xE1, 0xFF, 0xFE,
  0x00, 0x00, 0x07, 0xC0, 0x00, 0x00, 0x60, 0x00, 0x1F, 0x00, 0x00, 0x01,
  0xC0, 0x00, 0x3C, 0x00, 0x00, 0x07, 0x80, 0x00, 0xF8, 0x00, 0x00, 0x1F,
  0x00, 0x03, 0xE0, 0x00, 0x00, 0x3C, 0x00, 0x07, 0xC0, 0x00, 0x00, 0xF0,
  0x00, 0x1F, 0x00, 0x00, 0x01, 0xE0, 0x00, 0x3C, 0x00, 0x00, 0x07, 0x80,
  0x00, 0xF8, 0x00, 0x00, 0x1E, 0x00, 0x01, 0xE0, 0x00, 0x00, 0x3C, 0x00,
  0x03, 0xC0, 0x00, 0x00, 0xF0, 0x00, 0x0F, 0x00, 0x00, 0x03, 0xE0, 0x00,
  0x1E, 0x00, 0x00, 0x07, 0x80, 0x00, 0x3C, 0x00, 0x00, 0x1F, 0x00, 0x00,
  0xF0, 0x00, 0x00, 0x7C, 0x00, 0x01, 0xE0, 0x00, 0x01, 0xF8, 0x00, 0x03,
  0xC0, 0x00, 0x06, 0xE0, 0x01, 0x07, 0x00, 0x00, 0x1B, 0xC0, 0x02, 0x0E,
  0x00, 0x00, 0x77, 0x80, 0x08, 0x1C, 0x00, 0x01, 0x8F, 0x00, 0x10, 0x38,
  0x00, 0x06, 0x1C, 0x00, 0x40, 0x70, 0x00, 0x18, 0x38, 0x00, 0x80, 0xE0,
  0x00, 0x60, 0x70, 0x02, 0x00, 0xC0, 0x01, 0x80, 0xE0, 0x08, 0x01, 0x80,
  0x0E, 0x01, 0xC0, 0x30, 0x01, 0x80, 0x30, 0x03, 0x80, 0xC0, 0x03, 0x81,
  0x80, 0x07, 0x03, 0x00, 0x01, 0xFC, 0x00, 0x07, 0x0C, 0x00, 0x00, 0x00,
  0x00, 0x07, 0xE0, 0x00, 0x00, 0x00, 0x00, 0x00, 0x00, 0x00, 0x01, 0x80,
  0x00, 0x00, 0x00, 0x00, 0x00, 0x00, 0x60, 0x00, 0x00, 0x00, 0x00, 0xFF,
  0xFC, 0x18, 0x00, 0x00, 0x00, 0x07, 0xFF, 0xFF, 0xFF, 0xC0, 0x00, 0x00,
  0x07, 0xFE, 0x00, 0x01, 0xFE, 0x00, 0x00, 0x07, 0xF8, 0x00, 0x00, 0x7B,
  0xF0, 0x00, 0x03, 0xF8, 0x00, 0x00, 0x0E, 0x0F, 0x80, 0x01, 0xF8, 0x00,
  0x00, 0x03, 0x80, 0x78, 0x00, 0x7C, 0x00, 0x00, 0x00, 0xF0, 0x03, 0x80,
  0x3E, 0x00, 0x00, 0x00, 0x3C, 0x00, 0x78, 0x0F, 0x80, 0x00, 0x00, 0x0F,
  0x00, 0x07, 0x81, 0xE0, 0x00, 0x00, 0x03, 0xE0, 0x00, 0xF0, 0x78, 0x00,
  0x00, 0x00, 0x78, 0x00, 0x0E, 0x1E, 0x00, 0x00, 0x00, 0x1F, 0x00, 0x03,
  0xC3, 0x80, 0x00, 0x00, 0x07, 0xC0, 0x00, 0x78, 0x70, 0x00, 0x00, 0x00,
  0xF0, 0x00, 0x0F, 0x0C, 0x00, 0x00, 0x00, 0x3E, 0x00, 0x03, 0xC1, 0x80,
  0x00, 0x00, 0x0F, 0x80, 0x00, 0x78, 0x30, 0x00, 0x20, 0x01, 0xF0, 0x00,
  0x1E, 0x06, 0x00, 0x04, 0x00, 0x7C, 0x00, 0x07, 0x80, 0xC0, 0x01, 0x80,
  0x0F, 0x80, 0x03, 0xE0, 0x18, 0x00, 0x20, 0x03, 0xE0, 0x01, 0xF0, 0x01,
  0x80, 0x0C, 0x00, 0x79, 0xFF, 0xF0, 0x00, 0x18, 0x03, 0x00, 0x1F, 0x1F,
  0xF0, 0x00, 0x01, 0xC1, 0xC0, 0x03, 0xC0, 0x7F, 0x80, 0x00, 0x0F, 0xE0,
  0x00, 0xF8, 0x01, 0xFC, 0x00, 0x00, 0x00, 0x00, 0x1E, 0x00, 0x0F, 0xC0,
  0x00, 0x00, 0x00, 0x07, 0xC0, 0x00, 0x7E, 0x00, 0x00, 0x00, 0x00, 0xF0,
  0x00, 0x03, 0xE0, 0x00, 0x00, 0x00, 0x3C, 0x00, 0x00, 0x3C, 0x00, 0x00,
  0x00, 0x07, 0x80, 0x00, 0x07, 0xC0, 0x00, 0x00, 0x01, 0xE0, 0x00, 0x00,
  0x78, 0x00, 0x00, 0x00, 0x3C, 0x00, 0x00, 0x0F, 0x00, 0x00, 0x00, 0x0F,
  0x00, 0x00, 0x01, 0xE0, 0x00, 0x00, 0x03, 0xC0, 0x00, 0x00, 0x3C, 0x00,
  0x00, 0x00, 0x78, 0x00, 0x00, 0x07, 0x81, 0xFC, 0x00, 0x1E, 0x00, 0x00,
  0x00, 0xF0, 0x7F, 0xE0, 0x03, 0x80, 0x00, 0x00, 0x3E, 0x1E, 0x0F, 0x00,
  0xE0, 0x00, 0x00, 0x07, 0x87, 0x80, 0x78, 0x38, 0x00, 0x00, 0x01, 0xF0,
  0xE0, 0x03, 0xCF, 0x00, 0x00, 0x00, 0x3C, 0x1C, 0x00, 0x1F, 0xC0, 0x00,
  0x00, 0x0F, 0x03, 0x80, 0x00, 0xF0, 0x00, 0x00, 0x07, 0xC0, 0x70, 0x00,
  0x3F, 0x80, 0x00, 0x01, 0xE0, 0x07, 0x00, 0x1E, 0x1E, 0x00, 0x00, 0xF8,
  0x00, 0x70, 0x1F, 0x00, 0x7C, 0x00, 0xF8, 0x00, 0x03, 0xFF, 0x00, 0x00,
  0xFF, 0xF8, 0x00, 0x00, 0x01, 0x00, 0x00, 0x00, 0x00, 0x00, 0x10, 0x00,
  0x07, 0xFC, 0x00, 0x03, 0x00, 0x07, 0xFF, 0xF8, 0x00, 0x30, 0x01, 0xFC,
  0x07, 0xE0, 0x03, 0x00, 0x7E, 0x00, 0x0F, 0x00, 0x30, 0x1F, 0x80, 0x00,
  0x78, 0x03, 0x03, 0xE0, 0x00, 0x01, 0xC0, 0x30, 0x7C, 0x00, 0x00, 0x0E,
  0x03, 0x0F, 0x80, 0x00, 0x00, 0xE0, 0x31, 0xE0, 0x00, 0x00, 0x06, 0x03,
  0x3C, 0x00, 0x00, 0x00, 0x70, 0x37, 0x80, 0x00, 0x00, 0x07, 0x01, 0xF0,
  0x00, 0x00, 0x00, 0x70, 0x1F, 0x00, 0x00, 0x00, 0x07, 0x01, 0xE0, 0x00,
  0x00, 0x00, 0x70, 0x3C, 0x00, 0x00, 0x00, 0x07, 0x07, 0xC0, 0x00, 0x00,
  0x00, 0x70, 0x7C, 0x00, 0x00, 0x00, 0x06, 0x0F, 0xC0, 0x00, 0x00, 0x00,
  0xE0, 0xF6, 0x00, 0x00, 0x00, 0x0C, 0x1E, 0x30, 0x00, 0x00, 0x01, 0xC1,
  0xE1, 0x00, 0x00, 0x00, 0x38, 0x3E, 0x18, 0x00, 0x00, 0x07, 0x03, 0xC0,
  0xC0, 0x00, 0x00, 0xE0, 0x3C, 0x03, 0x00, 0x00, 0x18, 0x07, 0xC0, 0x1C,
  0x00, 0x07, 0x00, 0x78, 0x00, 0x78, 0x03, 0xC0, 0x07, 0x80, 0x00, 0xFF,
  0xE0, 0x00, 0x78, 0x00, 0x00, 0x00, 0x00, 0x07, 0x80, 0x00, 0x00, 0x00,
  0x00, 0xF8, 0x00, 0x00, 0x00, 0x00, 0x0F, 0x00, 0x00, 0x00, 0x00, 0x00,
  0xF0, 0x00, 0x00, 0x00, 0x00, 0x0F, 0x00, 0x00, 0x00, 0x00, 0x00, 0xF0,
  0x00, 0x00, 0x00, 0x01, 0x0F, 0x00, 0x00, 0x00, 0x00, 0x10, 0xF0, 0x00,
  0x00, 0x00, 0x02, 0x07, 0x00, 0x00, 0x00, 0x00, 0x20, 0x78, 0x00, 0x00,
  0x00, 0x04, 0x07, 0x80, 0x00, 0x00, 0x00, 0x40, 0x78, 0x00, 0x00, 0x00,
  0x08, 0x03, 0x80, 0x00, 0x00, 0x01, 0x80, 0x3C, 0x00, 0x00, 0x00, 0x30,
  0x01, 0xC0, 0x00, 0x00, 0x06, 0x00, 0x1E, 0x00, 0x00, 0x00, 0xC0, 0x00,
  0xF0, 0x00, 0x00, 0x18, 0x00, 0x07, 0x80, 0x00, 0x07, 0x00, 0x00, 0x3E,
  0x00, 0x01, 0xC0, 0x00, 0x00, 0xF8, 0x00, 0xF0, 0x00, 0x00, 0x03, 0xFF,
  0xFC, 0x00, 0x00, 0x00, 0x07, 0xFC, 0x00, 0x00, 0x00, 0x00, 0x00, 0x00,
  0x00, 0x00, 0x00, 0xC0, 0x00, 0x00, 0x00, 0x00, 0x00, 0x01, 0x80, 0x00,
  0x00, 0x07, 0xFF, 0x80, 0x07, 0x00, 0x00, 0x00, 0x7F, 0xFF, 0xF8, 0x0E,
  0x00, 0x00, 0x03, 0xF8, 0x00, 0x7F, 0x0E, 0x00, 0x00, 0x0F, 0xC0, 0x00,
  0x0F, 0xDC, 0x00, 0x00, 0x3E, 0x00, 0x00, 0x01, 0xFC, 0x00, 0x00, 0x7C,
  0x00, 0x00, 0x00, 0x78, 0x00, 0x00, 0xF0, 0x00, 0x00, 0x00, 0xFC, 0x00,
  0x01, 0xE0, 0x00, 0x00, 0x01, 0xFF, 0x00, 0x03, 0xC0, 0x00, 0x00, 0x01,
  0xE7, 0x80, 0x07, 0x80, 0x00, 0x00, 0x03, 0xC3, 0xC0, 0x07, 0x00, 0x00,
  0x00, 0x07, 0xC1, 0xE0, 0x0F, 0x00, 0x00, 0x00, 0x07, 0x80, 0xE0, 0x0E,
  0x00, 0x00, 0x00, 0x0F, 0x80, 0xF0, 0x0E, 0x00, 0x00, 0x00, 0x1F, 0x00,
  0x78, 0x0E, 0x00, 0x00, 0x00, 0x1E, 0x00, 0x38, 0x0C, 0x00, 0x00, 0x00,
  0x3E, 0x00, 0x3C, 0x0C, 0x00, 0x08, 0x00, 0x3C, 0x00, 0x1C, 0x0E, 0x00,
  0x08, 0x00, 0x7C, 0x00, 0x1E, 0x0E, 0x00, 0x18, 0x00, 0xF8, 0x00, 0x1E,
  0x0E, 0x00, 0x10, 0x00, 0xF0, 0x00, 0x0E, 0x07, 0x00, 0x30, 0x01, 0xF0,
  0x00, 0x0F, 0x03, 0x80, 0x60, 0x01, 0xE0, 0x00, 0x0F, 0x01, 0xC0, 0xC0,
  0x03, 0xE0, 0x00, 0x0F, 0x00, 0x7E, 0x00, 0x03, 0xC0, 0x00, 0x07, 0x00,
  0x00, 0x00, 0x07, 0x80, 0x00, 0x07, 0x00, 0x00, 0x00, 0x07, 0x80, 0x00,
  0x07, 0x00, 0x00, 0x00, 0x0F, 0x00, 0x00, 0x07, 0x00, 0x00, 0x00, 0x0E,
  0x00, 0x00, 0x07, 0x00, 0x00, 0x00, 0x1E, 0x00, 0x00, 0x07, 0x00, 0x00,
  0x00, 0x1C, 0x00, 0x00, 0x07, 0x00, 0x00, 0x00, 0x38, 0x00, 0x00, 0x07,
  0x00, 0x00, 0x00, 0x38, 0x00, 0x00, 0x0F, 0x00, 0x00, 0x00, 0x70, 0x00,
  0x00, 0x0F, 0x00, 0x00, 0x00, 0xE0, 0x00, 0x00, 0x0E, 0x0F, 0xC0, 0x00,
  0xC0, 0x00, 0x00, 0x1E, 0x3F, 0xF8, 0x01, 0xC0, 0x00, 0x00, 0x1C, 0x78,
  0x1E, 0x03, 0x80, 0x00, 0x00, 0x3C, 0xF0, 0x07, 0x87, 0x00, 0x00, 0x00,
  0x78, 0xF0, 0x00, 0xEE, 0x00, 0x00, 0x00, 0xF0, 0xE0, 0x00, 0x3C, 0x00,
  0x00, 0x01, 0xE0, 0xF0, 0x00, 0x3E, 0x00, 0x00, 0x03, 0xC0, 0xF0, 0x00,
  0xF3, 0xC0, 0x00, 0x0F, 0x80, 0x7C, 0x07, 0xC0, 0xFC, 0x00, 0x7E, 0x00,
  0x1F, 0xFF, 0x00, 0x1F, 0xFF, 0xF8, 0x00, 0x07, 0xF8, 0x00, 0x01, 0xFF,
  0x80, 0x00, 0x00, 0x00, 0x00, 0x03, 0xFF, 0x80, 0x00, 0x00, 0x00, 0xF8,
  0x07, 0x80, 0x00, 0x00, 0x0F, 0x00, 0x03, 0x80, 0x00, 0x01, 0xE0, 0x00,
  0x07, 0x00, 0x00, 0x0E, 0x00, 0x00, 0x1C, 0x00, 0x00, 0xF0, 0x00, 0x00,
  0x70, 0x00, 0x07, 0x80, 0x00, 0x01, 0xC0, 0x00, 0x3C, 0x00, 0x00, 0x07,
  0x00, 0x01, 0xE0, 0x00, 0x00, 0x3C, 0x00, 0x0F, 0x00, 0x00, 0x01, 0xE0,
  0x00, 0x78, 0x00, 0x00, 0x0F, 0x00, 0x01, 0xE0, 0x00, 0x00, 0x78, 0x00,
  0x07, 0x80, 0x00, 0x07, 0x80, 0x00, 0x1E, 0x00, 0x00, 0x70, 0x00, 0x00,
  0x78, 0x00, 0x00, 0x00, 0x00, 0x01, 0xE0, 0x00, 0x00, 0x00, 0x00, 0x07,
  0xC0, 0x00, 0x00, 0x00, 0x00, 0x0F, 0x80, 0x00, 0x00, 0x00, 0x00, 0x1F,
  0x80, 0x00, 0x00, 0x00, 0x00, 0x3F, 0xC0, 0x00, 0x00, 0x00, 0x00, 0x3F,
  0xF0, 0x00, 0x00, 0x00, 0x0F, 0xFF, 0xE0, 0x00, 0x00, 0x01, 0xFF, 0xFF,
  0x00, 0x00, 0x00, 0x1F, 0xE0, 0x00, 0x00, 0x00, 0x01, 0xF8, 0x00, 0x00,
  0x00, 0x00, 0x0F, 0x80, 0x00, 0x00, 0x00, 0x00, 0x78, 0x00, 0x00, 0x00,
  0x00, 0x03, 0xC0, 0x00, 0x00, 0x00, 0x00, 0x1E, 0x00, 0x00, 0x00, 0x00,
  0x00, 0xF0, 0x00, 0x00, 0x00, 0x00, 0x07, 0xC0, 0x00, 0x00, 0x00, 0x0F,
  0x1E, 0x00, 0x00, 0x00, 0x00, 0x06, 0x78, 0x00, 0x00, 0x00, 0x00, 0x1B,
  0xC0, 0x00, 0x00, 0x00, 0x00, 0x6F, 0x00, 0x00, 0x00, 0x00, 0x03, 0xBC,
  0x00, 0x00, 0x00, 0x00, 0x0E, 0xF0, 0x00, 0x00, 0x00, 0x00, 0x73, 0xC0,
  0x00, 0x00, 0x00, 0x03, 0x87, 0x00, 0x00, 0x00, 0x00, 0x1C, 0x1E, 0x00,
  0x00, 0x00, 0x01, 0xE0, 0x78, 0x00, 0x00, 0x00, 0x0F, 0x00, 0xF0, 0x00,
  0x00, 0x00, 0xF0, 0x01, 0xE0, 0x00, 0x00, 0x0F, 0x80, 0x03, 0xC0, 0x00,
  0x00, 0xF0, 0x00, 0x07, 0x80, 0x00, 0x1F, 0x00, 0x00, 0x07, 0xC0, 0x07,
  0xE0, 0x00, 0x00, 0x03, 0xFF, 0xF0, 0x00, 0x00, 0x00, 0x00, 0x00, 0x00,
  0x01, 0xFF, 0x80, 0x00, 0x00, 0x00, 0x00, 0x00, 0x00, 0x00, 0xFF, 0xFF,
  0xE0, 0x00, 0x00, 0x00, 0x00, 0x00, 0x00, 0x1F, 0xFF, 0xFF, 0xE0, 0x07,
  0x00, 0x00, 0x00, 0x00, 0x01, 0xFF, 0x00, 0x1F, 0xE0, 0x40, 0x00, 0x00,
  0x00, 0x00, 0x1F, 0xC0, 0x00, 0x07, 0xE4, 0x00, 0x00, 0x00, 0x00, 0x01,
  0xF8, 0x00, 0x00, 0x07, 0xE0, 0x00, 0x00, 0x00, 0x00, 0x1F, 0x00, 0x00,
  0x00, 0x07, 0xE0, 0x00, 0x20, 0x00, 0x01, 0xF0, 0x00, 0x00, 0x00, 0x23,
  0xE0, 0x01, 0x00, 0x00, 0x0F, 0x00, 0x00, 0x00, 0x03, 0x03, 0xE0, 0x18,
  0x00, 0x00, 0xF0, 0x00, 0x00, 0x00, 0x10, 0x01, 0xFF, 0x00, 0x00, 0x07,
  0x00, 0x00, 0x00, 0x01, 0x80, 0x00, 0x00, 0x00, 0x00, 0x38, 0x00, 0x00,
  0x00, 0x08, 0x00, 0x00, 0x00, 0x00, 0x03, 0x80, 0x00, 0x00, 0x00, 0xC0,
  0x00, 0x00, 0x00, 0x00, 0x1C, 0x00, 0x00, 0x00, 0x06, 0x00, 0x00, 0x00,
  0x00, 0x00, 0xE0, 0x00, 0x00, 0x00, 0x60, 0x00, 0x00, 0x00, 0x00, 0x07,
  0x00, 0x03, 0x00, 0x03, 0x00, 0x00, 0x00, 0x00, 0x00, 0x18, 0x00, 0x10,
  0x00, 0x38, 0x00, 0x00, 0x00, 0x00, 0x00, 0xC0, 0x00, 0x80, 0x01, 0x80,
  0x00, 0x00, 0x00, 0x00, 0x07, 0x00, 0x0C, 0x00, 0x1C, 0x00, 0x00, 0x00,
  0x00, 0x80, 0x18, 0x00, 0xC0, 0x00, 0xC0, 0x00, 0x00, 0x00, 0x38, 0x00,
  0x60, 0x0C, 0x00, 0x0E, 0x00, 0x00, 0x00, 0x03, 0x80, 0x01, 0xC1, 0xC0,
  0x00, 0x70, 0x00, 0x00, 0x00, 0x38, 0x00, 0x03, 0xF8, 0x0F, 0xF7, 0x00,
  0x00, 0x00, 0x03, 0x80, 0x00, 0x00, 0x01, 0xFF, 0xFF, 0xFE, 0x00, 0x00,
  0x18, 0x00, 0x00, 0x00, 0x1F, 0xFF, 0x80, 0x00, 0x00, 0x01, 0xC0, 0x00,
  0x00, 0x01, 0xC0, 0x1C, 0x00, 0x00, 0x00, 0x0C, 0x00, 0x00, 0x00, 0x18,
  0x00, 0xE0, 0x00, 0x00, 0x00, 0xE0, 0x00, 0x00, 0x00, 0x80, 0x0E, 0x00,
  0x00, 0x00, 0x07, 0x00, 0x00, 0x00, 0x00, 0x00, 0x70, 0x00, 0x00, 0x00,
  0x38, 0x00, 0x00, 0x00, 0x00, 0x07, 0x00, 0x00, 0x00, 0x01, 0xC0, 0x00,
  0x00, 0x00, 0x00, 0x38, 0x00, 0x00, 0x00, 0x1E, 0x00, 0x00, 0x00, 0x00,
  0x03, 0x80, 0x00, 0x00, 0x00, 0xF0, 0x00, 0x00, 0x00, 0x00, 0x3C, 0x00,
  0x00, 0x00, 0x07, 0x80, 0x00, 0x00, 0x00, 0x01, 0xC0, 0x00, 0x00, 0x00,
  0x1C, 0x00, 0x00, 0x00, 0x00, 0x1E, 0x00, 0x00, 0x00, 0x00, 0xE0, 0x00,
  0x00, 0x00, 0x01, 0xE0, 0x00, 0x00, 0x00, 0x07, 0x00, 0x00, 0x00, 0x00,
  0x1E, 0x00, 0x00, 0x00, 0x00, 0x3C, 0x00, 0x00, 0x00, 0x01, 0xF0, 0x00,
  0x00, 0x00, 0x00, 0xE0, 0x00, 0x00, 0x00, 0x1F, 0x00, 0x00, 0x00, 0x00,
  0x07, 0x80, 0x00, 0x00, 0x01, 0xF0, 0x00, 0x00, 0x00, 0x00, 0x1C, 0x00,
  0x00, 0x00, 0x1E, 0x00, 0x00, 0x00, 0x00, 0x00, 0x70, 0x00, 0x00, 0x01,
  0xE0, 0x00, 0x00, 0x00, 0x00, 0x01, 0xE0, 0x00, 0x00, 0x3E, 0x00, 0x00,
  0x00, 0x00, 0x00, 0x03, 0x80, 0x00, 0x07, 0xC0, 0x00, 0x00, 0x00, 0x00,
  0x00, 0x0F, 0x00, 0x00, 0xF8, 0x00, 0x00, 0x00, 0x00, 0x00, 0x00, 0x0F,
  0x80, 0x3E, 0x00, 0x00, 0x00, 0x00, 0x00, 0x00, 0x00, 0x0F, 0xFF, 0x00,
  0x00, 0x00, 0x00, 0x00, 0x00, 0x00, 0x00, 0x00, 0x00, 0x03, 0xFE, 0x00,
  0x01, 0x00, 0x00, 0x7E, 0x07, 0x80, 0x04, 0x00, 0x03, 0xC0, 0x01, 0xC0,
  0x18, 0x00, 0x1E, 0x00, 0x01, 0xC0, 0x20, 0x00, 0xF0, 0x00, 0x01, 0xC0,
  0xC0, 0x07, 0xC0, 0x00, 0x01, 0x81, 0x80, 0x1F, 0x00, 0x00, 0x03, 0x02,
  0x00, 0x7C, 0x00, 0x00, 0x07, 0x04, 0x01, 0xF0, 0x00, 0x00, 0x06, 0x08,
  0x07, 0xC0, 0x00, 0x00, 0x1C, 0x10, 0x1F, 0x00, 0x00, 0x00, 0x38, 0x30,
  0x7C, 0x00, 0x00, 0x00, 0x70, 0x61, 0xF0, 0x00, 0x00, 0x00, 0xE0, 0xC3,
  0xC0, 0x00, 0x00, 0x03, 0x80, 0xCF, 0x80, 0x00, 0x00, 0x07, 0x01, 0xDE,
  0x00, 0x00, 0x00, 0x1C, 0x01, 0xF8, 0x00, 0x00, 0x00, 0x70, 0x01, 0xF0,
  0x00, 0x00, 0x03, 0xC0, 0x03, 0xE0, 0x00, 0x00, 0x0F, 0x00, 0x07, 0xE0,
  0x00, 0x00, 0x7C, 0x00, 0x1E, 0x70, 0x00, 0x03, 0xE0, 0x00, 0x3C, 0x1E,
  0x00, 0x7F, 0x00, 0x00, 0xF8, 0x07, 0xFF, 0xE0, 0x00, 0x01, 0xE0, 0x00,
  0x00, 0x00, 0x00, 0x03, 0xC0, 0x00, 0x00, 0x00, 0x00, 0x07, 0x80, 0x00,
  0x00, 0x00, 0x00, 0x0F, 0x00, 0x00, 0x00, 0x00, 0x00, 0x1C, 0x00, 0x00,
  0x00, 0x00, 0x00, 0x78, 0x00, 0x00, 0x00, 0x00, 0x00, 0xF0, 0x00, 0x00,
  0x00, 0x60, 0x01, 0xE0, 0x00, 0x00, 0x01, 0xE0, 0x01, 0xC0, 0x00, 0x00,
  0x07, 0xC0, 0x03, 0x80, 0x00, 0x00, 0x1F, 0x80, 0x07, 0x00, 0x00, 0x00,
  0x3F, 0x00, 0x0E, 0x00, 0x00, 0x00, 0xFE, 0x00, 0x1E, 0x00, 0x00, 0x01,
  0xF8, 0x00, 0x3C, 0x00, 0x00, 0x07, 0xF0, 0x00, 0x38, 0x00, 0x00, 0x1D,
  0xE0, 0x00, 0x78, 0x00, 0x00, 0x73, 0xC0, 0x00, 0x70, 0x00, 0x01, 0x87,
  0x00, 0x00, 0x70, 0x00, 0x0E, 0x1E, 0x00, 0x00, 0xF8, 0x00, 0x70, 0x38,
  0x00, 0x00, 0x7C, 0x07, 0xC0, 0x70, 0x00, 0x00, 0x7F, 0xFC, 0x01, 0xC0,
  0x00, 0x00, 0x3F, 0xC0, 0x03, 0x80, 0x00, 0x00, 0x00, 0x00, 0x06, 0x00,
  0x00, 0x00, 0x00, 0x00, 0x1C, 0x00, 0x00, 0x00, 0x00, 0x00, 0x30, 0x00,
  0x00, 0x00, 0x00, 0x00, 0xE0, 0x00, 0x00, 0x00, 0x00, 0x01, 0x80, 0x00,
  0x00, 0x00, 0x00, 0x07, 0x00, 0x00, 0x00, 0x00, 0x7F, 0xFF, 0xFE, 0x00,
  0x00, 0x1F, 0xE0, 0x30, 0x03, 0xE0, 0x01, 0xF8, 0x00, 0xE0, 0x00, 0x00,
  0x1F, 0x80, 0x03, 0x80, 0x00, 0x00, 0xF8, 0x00, 0x0E, 0x00, 0x00, 0x07,
  0xC0, 0x00, 0x38, 0x00, 0x00, 0x1F, 0x00, 0x00, 0xE0, 0x00, 0x00, 0x78,
  0x00, 0x03, 0x80, 0x00, 0x01, 0xE0, 0x00, 0x0E, 0x00, 0x00, 0x07, 0x80,
  0x00, 0x30, 0x00, 0x00, 0x0E, 0x00, 0x01, 0xC0, 0x00, 0x00, 0x3C, 0x00,
  0x0E, 0x00, 0x00, 0x00, 0x38, 0x00, 0x38, 0x00, 0x00, 0x00, 0x70, 0x03,
  0xC0, 0x00, 0x00, 0x00, 0x70, 0x3C, 0x00, 0x00, 0x00, 0x00, 0x3F, 0xC0,
  0x00, 0x00, 0x00, 0x00, 0x00, 0x00, 0x00, 0x00, 0x00, 0x00, 0x00, 0x07,
  0x00, 0x00, 0x00, 0x00, 0x00, 0x00, 0x00, 0x00, 0x00, 0x00, 0x7C, 0x00,
  0x00, 0x00, 0x00, 0x00, 0x00, 0x00, 0x00, 0x00, 0x04, 0x40, 0x00, 0x02,
  0x00, 0x00, 0x00, 0x00, 0x00, 0x00, 0x00, 0x66, 0x00, 0x00, 0xE0, 0x00,
  0x00, 0x00, 0x00, 0x00, 0x00, 0x07, 0xE0, 0x00, 0x0E, 0x00, 0x00, 0x00,
  0x00, 0x00, 0x07, 0xFF, 0xFC, 0x00, 0x00, 0xE0, 0x00, 0x00, 0x00, 0x00,
  0x0F, 0xFF, 0xE3, 0x00, 0x00, 0x0F, 0x00, 0x00, 0x00, 0x00, 0x03, 0xFE,
  0x00, 0x10, 0x00, 0x00, 0x70, 0x00, 0x00, 0x00, 0x00, 0x7F, 0x00, 0x01,
  0x80, 0x00, 0x07, 0x00, 0x00, 0x00, 0x00, 0x0F, 0xC0, 0x00, 0x08, 0x00,
  0x00, 0x78, 0x00, 0x00, 0x00, 0x00, 0xF8, 0x00, 0x00, 0xC0, 0x00, 0x03,
  0x80, 0x00, 0x00, 0x00, 0x1F, 0x80, 0x00, 0x06, 0x00, 0x00, 0x3C, 0x00,
  0x00, 0x00, 0x01, 0xF0, 0x00, 0x00, 0x60, 0x00, 0x01, 0xC0, 0x00, 0x00,
  0x00, 0x0F, 0x00, 0x00, 0x03, 0x00, 0x00, 0x1E, 0x00, 0x00, 0x00, 0x00,
  0xF8, 0x00, 0x00, 0x38, 0x00, 0x00, 0xE0, 0x00, 0x00, 0x00, 0x07, 0x80,
  0x00, 0x01, 0x80, 0x00, 0x0F, 0x00, 0x00, 0x00, 0x00, 0x78, 0x00, 0x00,
  0x0C, 0x00, 0x00, 0x70, 0x00, 0x00, 0x00, 0x03, 0xC0, 0x00, 0x00, 0xE0,
  0x00, 0x07, 0x80, 0x00, 0x00, 0x00, 0x1E, 0x00, 0x20, 0x06, 0x00, 0x00,
  0x38, 0x00, 0x00, 0x00, 0x01, 0xE0, 0x00, 0x80, 0x70, 0x00, 0x01, 0xC0,
  0x00, 0x00, 0x00, 0x0F, 0x00, 0x04, 0x03, 0x80, 0x00, 0x1E, 0x00, 0x00,
  0x00, 0x00, 0x78, 0x00, 0x20, 0x18, 0x00, 0x00, 0xE0, 0x00, 0x00, 0x00,
  0x03, 0xC0, 0x03, 0x01, 0xC0, 0x00, 0x0F, 0x00, 0x00, 0x00, 0x00, 0x0E,
  0x00, 0x10, 0x0C, 0x00, 0x00, 0x70, 0x00, 0x00, 0x00, 0x00, 0x70, 0x00,
  0x87, 0xE0, 0x00, 0x03, 0x80, 0x00, 0x00, 0x00, 0x03, 0x80, 0x0C, 0xFF,
  0xFF, 0xFF, 0xFF, 0xE0, 0x00, 0x00, 0x00, 0x0E, 0x00, 0xC7, 0x7F, 0xFF,
  0xFF, 0xFC, 0x00, 0x02, 0x00, 0x00, 0x38, 0x0C, 0x03, 0x80, 0x00, 0x0E,
  0x00, 0x00, 0xE0, 0x00, 0x00, 0xE0, 0xC0, 0x1C, 0x00, 0x00, 0xF0, 0x00,
  0x0C, 0x00, 0x00, 0x01, 0xF8, 0x01, 0xC0, 0x00, 0x07, 0x00, 0x00, 0xC0,
  0x00, 0x00, 0x00, 0x00, 0x0E, 0x00, 0x00, 0x38, 0x00, 0x04, 0x00, 0x00,
  0x00, 0x00, 0x00, 0xF0, 0x00, 0x03, 0xC0, 0x00, 0x60, 0x00, 0x00, 0x00,
  0x00, 0x07, 0x00, 0x00, 0x1C, 0x00, 0x02, 0x00, 0x00, 0x00, 0x00, 0x00,
  0x78, 0x00, 0x00, 0xE0, 0x00, 0x30, 0x00, 0x00, 0x00, 0x00, 0x07, 0x80,
  0x00, 0x0F, 0x00, 0x21, 0x80, 0x00, 0x00, 0x00, 0x00, 0x3C, 0x00, 0x00,
  0x78, 0x02, 0x08, 0x00, 0x00, 0x00, 0x00, 0x03, 0xC0, 0x00, 0x03, 0x80,
  0x10, 0x40, 0x00, 0x00, 0x00, 0x00, 0x3E, 0x00, 0x00, 0x1C, 0x01, 0x02,
  0x00, 0x00, 0x00, 0x00, 0x01, 0xE0, 0x00, 0x01, 0xE0, 0x08, 0x10, 0x00,
  0x00, 0x00, 0x00, 0x1E, 0x00, 0x00, 0x0F, 0x00, 0x80, 0x80, 0x00, 0x00,
  0x00, 0x01, 0xF0, 0x00, 0x00, 0x78, 0x0C, 0x04, 0x00, 0x00, 0x00, 0x00,
  0x1F, 0x00, 0x00, 0x03, 0xC0, 0x40, 0x30, 0x00, 0x00, 0x00, 0x01, 0xF0,
  0x00, 0x00, 0x1E, 0x04, 0x01, 0x80, 0x00, 0x00, 0x00, 0x1F, 0x00, 0x00,
  0x00, 0xF0, 0x40, 0x0C, 0x00, 0x00, 0x00, 0x01, 0xF0, 0x00, 0x00, 0x03,
  0x8C, 0x00, 0x70, 0x00, 0x00, 0x00, 0x3F, 0x00, 0x00, 0x00, 0x1F, 0xC0,
  0x01, 0xC0, 0x00, 0x00, 0x03, 0xF0, 0x00, 0x00, 0x00, 0x7C, 0x00, 0x0F,
  0x00, 0x00, 0x00, 0x7F, 0x00, 0x00, 0x00, 0x00, 0x00, 0x00, 0x3C, 0x00,
  0x00, 0x0F, 0xF0, 0x00, 0x00, 0x00, 0x00, 0x00, 0x00, 0xF8, 0x00, 0x03,
  0xFF, 0x00, 0x00, 0x00, 0x00, 0x00, 0x00, 0x03, 0xF8, 0x01, 0xFF, 0xE0,
  0x00, 0x00, 0x00, 0x00, 0x00, 0x00, 0x0F, 0xFF, 0xFF, 0xFC, 0x00, 0x00,
  0x00, 0x00, 0x00, 0x00, 0x00, 0x3F, 0xFF, 0xFF, 0x80, 0x00, 0x00, 0x00,
  0x00, 0x00, 0x00, 0x00, 0x7F, 0xFF, 0xF0, 0x00, 0x00, 0x00, 0x00, 0x00,
  0x00, 0x00, 0x00, 0x3F, 0xF8, 0x00, 0x00, 0x00, 0x00, 0x00, 0x00, 0x00,
  0x00, 0x00, 0x00, 0x00, 0x00, 0x00, 0x00, 0x00, 0x00, 0xC0, 0x00, 0x00,
  0x00, 0x00, 0x00, 0x00, 0x00, 0x7C, 0x00, 0x00, 0x00, 0x00, 0x00, 0x00,
  0x00, 0x19, 0x80, 0x00, 0x00, 0x00, 0x00, 0x00, 0x00, 0x02, 0x20, 0x00,
  0x00, 0x00, 0x00, 0x00, 0x00, 0x00, 0xF8, 0x00, 0x00, 0x00, 0x00, 0x00,
  0x00, 0x01, 0xFC, 0x00, 0x00, 0x00, 0x00, 0x00, 0x00, 0x03, 0xFC, 0x00,
  0x00, 0x00, 0x00, 0x00, 0x00, 0x07, 0xF1, 0x80, 0x00, 0x00, 0x00, 0x00,
  0x00, 0x03, 0xE0, 0x20, 0x00, 0x00, 0x00, 0x00, 0x00, 0x01, 0xE0, 0x0C,
  0x00, 0x00, 0x00, 0x00, 0x00, 0x00, 0xF0, 0x01, 0x00, 0x00, 0x00, 0x00,
  0x00, 0x00, 0x78, 0x00, 0x60, 0x00, 0x00, 0x00, 0x00, 0x00, 0x1E, 0x00,
  0x0C, 0x00, 0x00, 0x00, 0x00, 0x00, 0x07, 0x00, 0x03, 0x00, 0x00, 0x00,
  0x00, 0x00, 0x01, 0xE0, 0x00, 0x60, 0x00, 0x00, 0x00, 0x00, 0x00, 0x38,
  0x00, 0x1C, 0x00, 0x00, 0x00, 0x00, 0x00, 0x0E, 0x00, 0x83, 0x00, 0x00,
  0x00, 0x00, 0x00, 0x01, 0xC0, 0x08, 0x60, 0x00, 0x00, 0x00, 0x00, 0x00,
  0x38, 0x01, 0x1C, 0x00, 0x00, 0x00, 0x00, 0x00, 0x07, 0x00, 0x23, 0x00,
  0x00, 0x00, 0x00, 0x00, 0x00, 0xE0, 0x08, 0xE0, 0x00, 0x00, 0x00, 0x00,
  0x00, 0x1C, 0x01, 0x1C, 0x00, 0x00, 0x00, 0x00, 0x00, 0x03, 0x80, 0x63,
  0x00, 0x00, 0x00, 0x00, 0x00, 0x00, 0x38, 0x08, 0xE0, 0x00, 0x00, 0x00,
  0x00, 0x00, 0x03, 0x86, 0x1C, 0x00, 0x00, 0x00, 0x00, 0x00, 0x00, 0x3F,
  0x07, 0x00, 0x00, 0x00, 0x00, 0x00, 0x00, 0x00, 0x00, 0xE0, 0x00, 0x00,
  0x00, 0x00, 0x00, 0x00, 0x00, 0x3C, 0x00, 0x00, 0x00, 0x00, 0x00, 0x00,
  0x00, 0x07, 0x00, 0x00, 0x01, 0x00, 0x00, 0x00, 0x00, 0x00, 0xE0, 0x00,
  0x00, 0xC0, 0x00, 0x00, 0x00, 0x00, 0x3C, 0x00, 0x00, 0x30, 0x00, 0x00,
  0x00, 0x00, 0x07, 0x00, 0x00, 0x0C, 0x00, 0x00, 0x00, 0x00, 0x01, 0xE0,
  0x00, 0x03, 0x00, 0x00, 0x00, 0x00, 0x00, 0x78, 0x00, 0x00, 0xE0, 0x00,
  0x00, 0x00, 0x00, 0x0F, 0x00, 0x00, 0x18, 0x00, 0x00, 0x00, 0x00, 0x03,
  0xC0, 0x00, 0x07, 0x00, 0x00, 0x00, 0x00, 0x00, 0x78, 0x00, 0x00, 0xE0,
  0x00, 0x00, 0x00, 0x00, 0x1E, 0x00, 0x00, 0x38, 0x00, 0x00, 0x00, 0x00,
  0x07, 0xC0, 0x00, 0x07, 0x00, 0x00, 0x00, 0x00, 0x00, 0xF0, 0x00, 0x00,
  0xE0, 0x00, 0x00, 0x00, 0x00, 0x3E, 0x00, 0x00, 0x1C, 0x00, 0x00, 0x00,
  0x00, 0x0F, 0x80, 0x00, 0x03, 0x80, 0x00, 0x00, 0x00, 0x01, 0xE0, 0x00,
  0x00, 0x70, 0x00, 0x00, 0x00, 0x00, 0x7C, 0x00, 0x00, 0x0E, 0x00, 0x00,
  0x00, 0x00, 0x1F, 0x00, 0x00, 0x01, 0xE0, 0x00, 0x00, 0x00, 0x07, 0xC0,
  0x00, 0x00, 0x3C, 0x00, 0x00, 0x00, 0x01, 0xF0, 0x00, 0x00, 0x03, 0x80,
  0x00, 0x00, 0x00, 0x3E, 0x00, 0x00, 0x00, 0x78, 0x00, 0x00, 0x00, 0x0F,
  0x80, 0x00, 0x00, 0x07, 0x00, 0x00, 0x00, 0x07, 0xE0, 0x00, 0x00, 0x00,
  0x70, 0x00, 0x00, 0x01, 0xF8, 0x00, 0x00, 0x00, 0x0F, 0x00, 0x00, 0x00,
  0x7E, 0x00, 0x00, 0x00, 0x00, 0xF0, 0x00, 0x00, 0x1F, 0x00, 0x00, 0x00,
  0x00, 0x07, 0x00, 0x00, 0x0F, 0xC0, 0x00, 0x00, 0x00, 0x00, 0x78, 0x00,
  0x07, 0xE0, 0x00, 0x00, 0x00, 0x00, 0x03, 0xE0, 0x03, 0xF0, 0x00, 0x00,
  0x00, 0x00, 0x00, 0x1F, 0xFF, 0xF8, 0x00, 0x00, 0x00, 0x00, 0x00, 0x00,
  0x7F, 0xF0, 0x00, 0x00, 0x00, 0x00, 0x00, 0x00, 0x00, 0x00, 0x00, 0x00,
  0x00, 0x00, 0x00, 0x03, 0x00, 0x00, 0x00, 0x00, 0x00, 0x00, 0x00, 0x00,
  0x07, 0xC0, 0x00, 0x00, 0x00, 0x00, 0x00, 0x00, 0x00, 0x06, 0x60, 0x00,
  0x00, 0x00, 0x00, 0x00, 0x00, 0x00, 0x02, 0x30, 0x00, 0x00, 0x00, 0x00,
  0x00, 0x00, 0x00, 0x03, 0xF0, 0x00, 0x00, 0x00, 0x00, 0x00, 0x00, 0x00,
  0x3F, 0xC0, 0x00, 0x00, 0x00, 0x00, 0x00, 0x00, 0x03, 0xFF, 0x00, 0x00,
  0x00, 0x00, 0x00, 0x00, 0x00, 0x3F, 0xC1, 0x80, 0x00, 0x00, 0x00, 0x00,
  0x00, 0x00, 0xFC, 0x00, 0x80, 0x00, 0x00, 0x00, 0x00, 0x00, 0x03, 0xF0,
  0x00, 0xC0, 0x00, 0x00, 0x00, 0x00, 0x00, 0x0F, 0xC0, 0x00, 0xC0, 0x00,
  0x00, 0x00, 0x00, 0x00, 0x1F, 0x00, 0x00, 0x60, 0x00, 0x00, 0x00, 0x00,
  0x00, 0x3E, 0x00, 0x00, 0x60, 0x00, 0x00, 0x00, 0x00, 0x00, 0x3E, 0x00,
  0x00, 0x30, 0x00, 0x00, 0x00, 0x00, 0x00, 0x7C, 0x00, 0x00, 0x30, 0x00,
  0x00, 0x00, 0x00, 0x00, 0x7C, 0x00, 0x00, 0x18, 0x00, 0x00, 0x00, 0x00,
  0x00, 0x3C, 0x00, 0x20, 0x1C, 0x00, 0x00, 0x00, 0x00, 0x00, 0x3C, 0x00,
  0x18, 0x0C, 0x00, 0x00, 0x00, 0x00, 0x00, 0x3E, 0x00, 0x04, 0x0E, 0x00,
  0x00, 0x00, 0x00, 0x00, 0x1E, 0x00, 0x02, 0x07, 0x00, 0x00, 0x00, 0x00,
  0x00, 0x0F, 0x00, 0x03, 0x07, 0x00, 0x00, 0x00, 0x00, 0x00, 0x07, 0x80,
  0x01, 0x83, 0x80, 0x00, 0x00, 0x00, 0x00, 0x03, 0xC0, 0x00, 0x83, 0xC0,
  0x00, 0x00, 0x00, 0x00, 0x01, 0xE0, 0x00, 0x41, 0xC0, 0x00, 0x00, 0x00,
  0x00, 0x00, 0xF0, 0x00, 0x60, 0xE0, 0x00, 0x00, 0x00, 0x00, 0x00, 0x78,
  0x00, 0x20, 0xF0, 0x00, 0x00, 0x00, 0x00, 0x00, 0x1C, 0x00, 0x20, 0x70,
  0x00, 0x00, 0x00, 0x00, 0x00, 0x0F, 0x00, 0x30, 0x78, 0x00, 0x00, 0x00,
  0x00, 0x00, 0x03, 0x80, 0x30, 0x3C, 0x00, 0x00, 0x00, 0x00, 0x00, 0x00,
  0xF0, 0x60, 0x3C, 0x00, 0x00, 0x00, 0x00, 0x00, 0x00, 0x1F, 0xC0, 0x1E,
  0x00, 0x00, 0x00, 0x00, 0x00, 0x00, 0x00, 0x00, 0x1E, 0x00, 0x00, 0x00,
  0x00, 0x00, 0x00, 0x00, 0x00, 0x0F, 0x00, 0x00, 0x00, 0x00, 0x00, 0x00,
  0x00, 0x00, 0x0F, 0x80, 0x00, 0x00, 0x00, 0x00, 0x00, 0x00, 0x00, 0x07,
  0x80, 0x00, 0x00, 0x00, 0x00, 0x00, 0x00, 0x00, 0x07, 0xC0, 0x00, 0x00,
  0x00, 0x00, 0x00, 0x00, 0x00, 0x03, 0xC0, 0x00, 0x00, 0x00, 0x00, 0x00,
  0x00, 0x00, 0x03, 0xE0, 0x00, 0x00, 0x02, 0x00, 0x00, 0x00, 0x00, 0x01,
  0xF0, 0x00, 0x00, 0x06, 0x00, 0x00, 0x00, 0x00, 0x01, 0xF0, 0x00, 0x00,
  0x06, 0x00, 0x00, 0x00, 0x00, 0x00, 0xF8, 0x00, 0x00, 0x06, 0x00, 0x00,
  0x00, 0x00, 0x00, 0xF8, 0x00, 0x00, 0x06, 0x00, 0x00, 0x00, 0x00, 0x00,
  0x78, 0x00, 0x00, 0x07, 0x00, 0x00, 0x00, 0x00, 0x00, 0x7C, 0x00, 0x00,
  0x07, 0x00, 0x00, 0x00, 0x00, 0x00, 0x3C, 0x00, 0x00, 0x03, 0x80, 0x00,
  0x00, 0x00, 0x00, 0x3E, 0x00, 0x00, 0x03, 0x80, 0x00, 0x00, 0x00, 0x00,
  0x3E, 0x00, 0x00, 0x01, 0xC0, 0x00, 0x00, 0x00, 0x00, 0x1F, 0x00, 0x00,
  0x00, 0xE0, 0x00, 0x00, 0x00, 0x00, 0x1F, 0x00, 0x00, 0x00, 0x70, 0x00,
  0x00, 0x00, 0x00, 0x1F, 0x00, 0x00, 0x00, 0x38, 0x00, 0x00, 0x00, 0x00,
  0x1F, 0x80, 0x00, 0x00, 0x1C, 0x00, 0x00, 0x00, 0x00, 0x0F, 0x80, 0x00,
  0x00, 0x0E, 0x00, 0x00, 0x00, 0x00, 0x0F, 0x80, 0x00, 0x00, 0x07, 0x00,
  0x00, 0x00, 0x00, 0x0F, 0x80, 0x00, 0x00, 0x03, 0x80, 0x00, 0x00, 0x00,
  0x0F, 0x80, 0x00, 0x00, 0x01, 0xC0, 0x00, 0x00, 0x00, 0x0F, 0xC0, 0x00,
  0x00, 0x00, 0xF0, 0x00, 0x00, 0x00, 0x07, 0xC0, 0x00, 0x00, 0x00, 0x38,
  0x00, 0x00, 0x00, 0x07, 0xC0, 0x00, 0x00, 0x00, 0x1C, 0x00, 0x00, 0x00,
  0x07, 0x80, 0x00, 0x00, 0x00, 0x07, 0x00, 0x00, 0x00, 0x07, 0x80, 0x00,
  0x00, 0x00, 0x03, 0xC0, 0x00, 0x00, 0x0F, 0x80, 0x00, 0x00, 0x00, 0x00,
  0xE0, 0x00, 0x00, 0x0F, 0x80, 0x00, 0x00, 0x00, 0x00, 0x3C, 0x00, 0x00,
  0x0F, 0x00, 0x00, 0x00, 0x00, 0x00, 0x07, 0x00, 0x00, 0x1E, 0x00, 0x00,
  0x00, 0x00, 0x00, 0x01, 0xE0, 0x00, 0x3C, 0x00, 0x00, 0x00, 0x00, 0x00,
  0x00, 0x3E, 0x00, 0xF8, 0x00, 0x00, 0x00, 0x00, 0x00, 0x00, 0x03, 0xFF,
  0xE0, 0x00, 0x00, 0x00, 0x00, 0x00, 0x00, 0x00, 0x00, 0x00, 0x00, 0x00,
  0x00, 0x00, 0x00, 0x00, 0x00, 0x00, 0x60, 0x00, 0x00, 0x00, 0x00, 0x00,
  0x00, 0x00, 0x00, 0x00, 0x00, 0x0C, 0x00, 0x00, 0x00, 0x00, 0x00, 0x00,
  0x00, 0x00, 0x00, 0x00, 0x03, 0x00, 0x00, 0x00, 0x00, 0x00, 0x00, 0x00,
  0x01, 0xC0, 0x00, 0x00, 0xC0, 0x00, 0x00, 0x00, 0x00, 0x00, 0x00, 0x00,
  0xC8, 0x00, 0x00, 0x18, 0x00, 0x00, 0x00, 0x00, 0x00, 0x00, 0x00, 0x33,
  0x00, 0x00, 0x06, 0x00, 0x00, 0x00, 0x00, 0x00, 0x00, 0x00, 0x04, 0xE0,
  0x00, 0x01, 0x80, 0x00, 0x00, 0x00, 0x00, 0x00, 0x00, 0x03, 0xF0, 0x00,
  0x00, 0x70, 0x00, 0x00, 0x00, 0x00, 0x00, 0x3F, 0xFF, 0xF8, 0x00, 0x00,
  0x1C, 0x00, 0x00, 0x00, 0x00, 0x00, 0x7F, 0xC0, 0x08, 0x00, 0x00, 0x03,
  0x00, 0x00, 0x00, 0x00, 0x00, 0x7F, 0x00, 0x03, 0x00, 0x00, 0x00, 0xC0,
  0x00, 0x00, 0x00, 0x00, 0x3F, 0x00, 0x00, 0x40, 0x00, 0x00, 0x30, 0x00,
  0x00, 0x00, 0x00, 0x1F, 0x80, 0x00, 0x18, 0x00, 0x00, 0x0C, 0x00, 0x00,
  0x00, 0x00, 0x07, 0xC0, 0x00, 0x03, 0x00, 0x00, 0x03, 0x00, 0x00, 0x00,
  0x00, 0x01, 0xF0, 0x00, 0x00, 0xC0, 0x00, 0x00, 0xE0, 0x00, 0x00, 0x00,
  0x00, 0x7C, 0x00, 0x00, 0x18, 0x00, 0x00, 0x78, 0x00, 0x00, 0x00, 0x00,
  0x1F, 0x00, 0x00, 0x06, 0x00, 0x00, 0x1E, 0x00, 0x00, 0x00, 0x00, 0x03,
  0xC0, 0x00, 0x00, 0xC0, 0x00, 0x07, 0x00, 0x00, 0x00, 0x00, 0x00, 0xF0,
  0x00, 0x00, 0x38, 0x00, 0x01, 0xC0, 0x00, 0x00, 0x00, 0x00, 0x1E, 0x00,
  0x00, 0x06, 0x00, 0x00, 0x70, 0x00, 0x00, 0x00, 0x00, 0x03, 0xC0, 0x04,
  0x00, 0xC0, 0x00, 0x3C, 0x00, 0x00, 0x00, 0x00, 0x00, 0x70, 0x00, 0x80,
  0x38, 0x00, 0x0F, 0x00, 0x00, 0x00, 0x00, 0x00, 0x1E, 0x00, 0x18, 0x06,
  0x00, 0x03, 0xC0, 0x00, 0x00, 0x00, 0x00, 0x03, 0xC0, 0x03, 0x01, 0xC0,
  0x01, 0xF0, 0x00, 0x00, 0x00, 0x00, 0x00, 0x38, 0x00, 0x40, 0x38, 0x00,
  0x78, 0x00, 0x00, 0x00, 0x00, 0x00, 0x07, 0x00, 0x08, 0x0E, 0x00, 0x3E,
  0x00, 0x00, 0x00, 0x00, 0x00, 0x00, 0xE0, 0x01, 0x01, 0xC0, 0x0F, 0x00,
  0x00, 0x00, 0x00, 0x00, 0x00, 0x1C, 0x00, 0x40, 0x70, 0x07, 0xC0, 0x00,
  0x00, 0x00, 0x00, 0x00, 0x01, 0xC0, 0x18, 0x0E, 0x03, 0xE0, 0x00, 0x00,
  0x00, 0x00, 0x00, 0x00, 0x18, 0x06, 0x01, 0xC1, 0xF8, 0x00, 0x00, 0x00,
  0x00, 0x40, 0x00, 0x01, 0xC1, 0x80, 0x70, 0xFC, 0x00, 0x00, 0x00, 0x00,
  0x30, 0x00, 0x00, 0x0F, 0xC0, 0x0E, 0xFE, 0x00, 0x00, 0x00, 0x00, 0x0C,
  0x00, 0x00, 0x00, 0x00, 0x03, 0xFE, 0x00, 0x00, 0x00, 0x00, 0x03, 0x00,
  0x00, 0x00, 0x00, 0x00, 0x77, 0x80, 0x00, 0x00, 0x00, 0x00, 0xC0, 0x00,
  0x00, 0x00, 0x00, 0x1E, 0xF0, 0x00, 0x00, 0x00, 0x00, 0x10, 0x00, 0x00,
  0x00, 0x00, 0x03, 0x9E, 0x00, 0x00, 0x00, 0x00, 0x06, 0x00, 0x00, 0x00,
  0x00, 0x00, 0xF3, 0xC0, 0x00, 0x00, 0x00, 0x00, 0xC0, 0x00, 0x00, 0x00,
  0x00, 0x3C, 0x78, 0x00, 0x00, 0x00, 0x00, 0x10, 0x00, 0x00, 0x00, 0x00,
  0x07, 0x8F, 0x00, 0x00, 0x00, 0x00, 0x02, 0x00, 0x00, 0x00, 0x00, 0x01,
  0xE0, 0xF0, 0x00, 0x00, 0x00, 0x00, 0xC0, 0x00, 0x00, 0x00, 0x00, 0x7C,
  0x1E, 0x00, 0x00, 0x00, 0x00, 0x18, 0x00, 0x00, 0x00, 0x00, 0x1F, 0x03,
  0xC0, 0x00, 0x00, 0x00, 0x03, 0x00, 0x00, 0x00, 0x00, 0x03, 0xC0, 0x7C,
  0x00, 0x00, 0x00, 0x00, 0x20, 0x00, 0x00, 0x00, 0x00, 0xF8, 0x07, 0x80,
  0x00, 0x00, 0x00, 0x04, 0x00, 0x00, 0x00, 0x00, 0x3E, 0x00, 0xF0, 0x00,
  0x00, 0x00, 0x00, 0xC0, 0x00, 0x00, 0x00, 0x0F, 0x80, 0x1F, 0x00, 0x00,
  0x00, 0x00, 0x18, 0x00, 0x00, 0x00, 0x03, 0xF0, 0x01, 0xE0, 0x00, 0x00,
  0x00, 0x01, 0x80, 0x00, 0x00, 0x01, 0xFC, 0x00, 0x3C, 0x00, 0x00, 0x00,
  0x00, 0x30, 0x00, 0x00, 0x00, 0x7F, 0x00, 0x03, 0xC0, 0x00, 0x00, 0x00,
  0x03, 0x00, 0x00, 0x00, 0x1F, 0xC0, 0x00, 0x78, 0x00, 0x00, 0x40, 0x00,
  0x30, 0x00, 0x00, 0x0F, 0xF0, 0x00, 0x07, 0x80, 0x00, 0x08, 0x00, 0x03,
  0x80, 0x00, 0x07, 0xF8, 0x00, 0x00, 0xF8, 0x00, 0x02, 0x00, 0x00, 0x3C,
  0x00, 0x03, 0xFE, 0x00, 0x00, 0x0F, 0x00, 0x00, 0x80, 0x00, 0x03, 0xF0,
  0x07, 0xFF, 0x80, 0x00, 0x00, 0xF8, 0x00, 0x20, 0x00, 0x00, 0x1F, 0xFF,
  0xFF, 0xC0, 0x00, 0x00, 0x0F, 0x80, 0x18, 0x00, 0x00, 0x00, 0xFF, 0xFF,
  0xC0, 0x00, 0x00, 0x00, 0xFE, 0x1E, 0x00, 0x00, 0x00, 0x01, 0xFF, 0x80,
  0x00, 0x00, 0x00, 0x07, 0xFF, 0x00, 0x00, 0x00, 0x00, 0x00, 0x00, 0x00,
  0x00, 0x00, 0x00, 0x3F, 0x80, 0x00, 0x00, 0x00, 0x00, 0x00, 0x00, 0x00,
  0x3F, 0x00, 0x00, 0x00, 0x00, 0x00, 0x1F, 0xF8, 0x00, 0x00, 0x00, 0x00,
  0x07, 0xFF, 0x00, 0x00, 0x00, 0x00, 0x01, 0xF0, 0x70, 0x00, 0x00, 0x00,
  0x00, 0x7C, 0x0E, 0x00, 0x00, 0x00, 0x00, 0x1F, 0x01, 0xC0, 0x00, 0x00,
  0x70, 0x07, 0xC0, 0x38, 0x00, 0x00, 0xF0, 0x00, 0xF0, 0x07, 0x00, 0x00,
  0x38, 0x00, 0x3E, 0x00, 0xC0, 0x00, 0x1E, 0x00, 0x0F, 0x80, 0x18, 0x00,
  0x07, 0x80, 0x01, 0xE0, 0x03, 0x00, 0x01, 0xE0, 0x00, 0x7C, 0x00, 0xC0,
  0x00, 0x38, 0x00, 0x0F, 0x00, 0x18, 0x00, 0x0F, 0x00, 0x01, 0xE0, 0x02,
  0x00, 0x01, 0xC0, 0x00, 0x78, 0x00, 0xC0, 0x00, 0x78, 0x00, 0x0F, 0x00,
  0x30, 0x00, 0x0E, 0x00, 0x03, 0xC0, 0x06, 0x00, 0x01, 0xC0, 0x00, 0x78,
  0x01, 0x80, 0x00, 0x38, 0x00, 0x0F, 0x00, 0x60, 0x00, 0x07, 0x00, 0x03,
  0xC0, 0x18, 0x00, 0x00, 0xE0, 0x00, 0x78, 0x02, 0x00, 0x00, 0x0E, 0x00,
  0x0E, 0x00, 0x80, 0x00, 0x01, 0xC0, 0x03, 0xC0, 0x60, 0x00, 0x00, 0x1C,
  0x00, 0x70, 0x18, 0x00, 0x00, 0x01, 0xC0, 0x0E, 0x04, 0x00, 0x00, 0x00,
  0x1C, 0x03, 0xC3, 0x00, 0x00, 0x00, 0x00, 0xF0, 0x73, 0x80, 0x00, 0x00,
  0x00, 0x03, 0xFF, 0x00, 0x00, 0x00, 0x00, 0x00, 0x03, 0x80, 0x00, 0x00,
  0x00, 0x00, 0x00, 0x70, 0x00, 0x00, 0x00, 0x00, 0x00, 0x1C, 0x00, 0x00,
  0x00, 0x00, 0x00, 0x03, 0x80, 0x00, 0x00, 0x00, 0x00, 0x00, 0x60, 0x00,
  0x00, 0x00, 0x00, 0x00, 0x1C, 0x00, 0x00, 0x00, 0x00, 0x00, 0x03, 0x00,
  0x00, 0x00, 0x00, 0x00, 0x00, 0xE0, 0x00, 0x00, 0x00, 0x00, 0x00, 0x18,
  0x00, 0x00, 0x00, 0x00, 0xFF, 0xF7, 0x00, 0x00, 0x00, 0x00, 0xFF, 0xFF,
  0xF0, 0x00, 0x00, 0x00, 0x7F, 0xFF, 0xFF, 0xE0, 0x00, 0x00, 0x3F, 0x00,
  0x0F, 0xFF, 0x00, 0x00, 0x0F, 0x00, 0x03, 0x83, 0xF8, 0x00, 0x01, 0x80,
  0x00, 0x60, 0x0F, 0xC0, 0x00, 0x60, 0x00, 0x18, 0x00, 0x3E, 0x00, 0x0C,
  0x00, 0x06, 0x00, 0x01, 0xF0, 0x01, 0x00, 0x01, 0x80, 0x00, 0x0F, 0x00,
  0x20, 0x00, 0xE0, 0x00, 0x00, 0x70, 0x02, 0x00, 0x30, 0x00, 0x00, 0x07,
  0x00, 0x30, 0x1C, 0x00, 0x00, 0x00, 0x30, 0x03, 0xFC, 0x00, 0x00, 0x00,
  0x03, 0x00, 0x00, 0x00, 0x00, 0x00, 0x00, 0x30, 0x00, 0x00, 0x00, 0x00,
  0x00, 0x07, 0x00, 0x00, 0x00, 0x00, 0x00, 0x00, 0x60, 0x00, 0x00, 0x00,
  0x00, 0x00, 0x0C, 0x00, 0x00, 0x00, 0x00, 0x00, 0x00, 0xC0, 0x00, 0x00,
  0x00, 0x00, 0x00, 0x18, 0x00, 0x00, 0x00, 0x00, 0x00, 0x03, 0x00, 0x00,
  0x00, 0x00, 0x00, 0x00, 0x60, 0x00, 0x00, 0x00, 0x00, 0x00, 0x0C, 0x00,
  0x00, 0x00, 0x00, 0x00, 0x03, 0x00, 0x00, 0x00, 0x00, 0x00, 0x00, 0xC0,
  0x00, 0x00, 0x00, 0x00, 0x00, 0x30, 0x00, 0x00, 0x00, 0x00, 0x7E, 0x00,
  0x00, 0x00, 0x00, 0x00, 0x00, 0x00, 0x00, 0x0F, 0x07, 0x80, 0x00, 0x00,
  0x00, 0x00, 0x00, 0x00, 0x00, 0x78, 0x03, 0x80, 0x00, 0x00, 0x00, 0x00,
  0x00, 0x00, 0x03, 0x80, 0x03, 0x80, 0x00, 0x00, 0x00, 0x00, 0x00, 0x00,
  0x1E, 0x00, 0x03, 0x80, 0x00, 0x00, 0x00, 0x00, 0x00, 0x00, 0x70, 0x00,
  0x07, 0x00, 0x00, 0x00, 0x00, 0x00, 0x00, 0x03, 0xC0, 0x00, 0x0E, 0x00,
  0x0F, 0x80, 0x00, 0x00, 0x00, 0x0E, 0x00, 0x00, 0x1C, 0x00, 0x67, 0x80,
  0x00, 0x0E, 0x00, 0x38, 0x00, 0x00, 0x1C, 0x01, 0x07, 0x00, 0x00, 0xFE,
  0x00, 0xE0, 0x00, 0x00, 0x38, 0x0C, 0x07, 0x00, 0x03, 0xFC, 0x03, 0x80,
  0x00, 0x00, 0xF0, 0x10, 0x0E, 0x00, 0x0E, 0x78, 0x0E, 0x00, 0x00, 0x01,
  0xE0, 0x40, 0x1C, 0x00, 0x70, 0x70, 0x38, 0x00, 0x00, 0x03, 0xC1, 0x00,
  0x38, 0x01, 0xC0, 0xE0, 0xF0, 0x00, 0x00, 0x07, 0x06, 0x00, 0xF0, 0x07,
  0x03, 0xC1, 0xC0, 0x00, 0x00, 0x0E, 0x18, 0x01, 0xE0, 0x18, 0x07, 0x87,
  0x00, 0x00, 0x00, 0x1C, 0x20, 0x03, 0xC0, 0x20, 0x0E, 0x1E, 0x00, 0x00,
  0x00, 0x38, 0xC0, 0x07, 0x00, 0xC0, 0x3C, 0x38, 0x00, 0x00, 0x00, 0xF3,
  0x00, 0x0E, 0x03, 0x00, 0x78, 0xE0, 0x00, 0x00, 0x01, 0xC4, 0x00, 0x1C,
  0x0C, 0x00, 0xE1, 0xC0, 0x00, 0x00, 0x03, 0x90, 0x00, 0x78, 0x30, 0x03,
  0xC7, 0x80, 0x07, 0xC0, 0x0F, 0x60, 0x00, 0xF0, 0x40, 0x07, 0x0E, 0x00,
  0x00, 0xC0, 0x1E, 0x80, 0x01, 0xC1, 0x00, 0x1E, 0x1C, 0x00, 0x00, 0xC0,
  0x3B, 0x00, 0x03, 0x86, 0x00, 0x38, 0x78, 0x00, 0x00, 0x80, 0x74, 0x00,
  0x07, 0x18, 0x00, 0xF0, 0xE0, 0x00, 0x01, 0x81, 0xF0, 0x00, 0x1C, 0x20,
  0x01, 0xC1, 0xC0, 0x00, 0x03, 0x03, 0xA0, 0x00, 0x38, 0xC0, 0x03, 0x83,
  0x80, 0x00, 0x06, 0x07, 0x80, 0x00, 0x73, 0x00, 0x0F, 0x07, 0x00, 0x00,
  0x18, 0x1F, 0x00, 0x01, 0xE4, 0x00, 0x1C, 0x0E, 0x00, 0x00, 0x30, 0x3C,
  0x00, 0x03, 0x98, 0x00, 0x78, 0x1C, 0x00, 0x00, 0x60, 0xF8, 0x00, 0x07,
  0x60, 0x00, 0xE0, 0x38, 0x00, 0x01, 0x81, 0xE0, 0x00, 0x1E, 0x80, 0x03,
  0xC0, 0x30, 0x00, 0x03, 0x03, 0xC0, 0x00, 0x3B, 0x00, 0x07, 0x80, 0x70,
  0x00, 0x0C, 0x0F, 0x00, 0x00, 0x7C, 0x00, 0x0E, 0x00, 0xE0, 0x00, 0x30,
  0x1E, 0x00, 0x01, 0xF8, 0x00, 0x3C, 0x00, 0xE0, 0x00, 0x40, 0x78, 0x00,
  0x03, 0xE0, 0x00, 0x78, 0x00, 0xC0, 0x01, 0x00, 0xF0, 0x00, 0x0F, 0x80,
  0x00, 0xE0, 0x00, 0xE0, 0x0C, 0x01, 0xC0, 0x00, 0x1F, 0x00, 0x03, 0xC0,
  0x00, 0xE0, 0x70, 0x07, 0x80, 0x00, 0x3C, 0x00, 0x07, 0x80, 0x00, 0x7F,
  0x80, 0x0E, 0x00, 0x00, 0xF8, 0x00, 0x0E, 0x00, 0x00, 0x00, 0x00, 0x3C,
  0x00, 0x01, 0xE0, 0x00, 0x1C, 0x00, 0x00, 0x00, 0x00, 0x78, 0x00, 0x07,
  0xC0, 0x00, 0x78, 0x00, 0x00, 0x00, 0x01, 0xE0, 0x00, 0x0F, 0x00, 0x00,
  0xF0, 0x00, 0x00, 0x00, 0x03, 0xC0, 0x00, 0x3C, 0x00, 0x01, 0xE0, 0x00,
  0x00, 0x00, 0x0F, 0x00, 0x00, 0x78, 0x00, 0x03, 0xC0, 0x00, 0x00, 0x00,
  0x1E, 0x00, 0x01, 0xF0, 0x00, 0x07, 0x80, 0x00, 0x00, 0x00, 0x78, 0x00,
  0x03, 0xC0, 0x00, 0x07, 0x00, 0x00, 0x00, 0x00, 0xF0, 0x00, 0x0F, 0x00,
  0x00, 0x0E, 0x00, 0x00, 0x00, 0x03, 0xC0, 0x00, 0x00, 0x00, 0x00, 0x1C,
  0x00, 0x00, 0x00, 0x07, 0x80, 0x00, 0x00, 0x00, 0x00, 0x1C, 0x00, 0x00,
  0x00, 0x00, 0x00, 0x00, 0x00, 0x00, 0x00, 0x18, 0x00, 0x00, 0x00, 0x00,
  0x00, 0x00, 0x00, 0x00, 0x00, 0x1C, 0x00, 0x00, 0x00, 0x00, 0x00, 0x00,
  0x00, 0x00, 0x00, 0x07, 0x80, 0x00, 0x00, 0x00, 0xFF, 0x80, 0x00, 0x00,
  0x00, 0x00, 0x00, 0x01, 0xE0, 0x78, 0x00, 0x00, 0x1F, 0x00, 0x00, 0x03,
  0xC0, 0x07, 0x00, 0x00, 0x1F, 0xF0, 0x00, 0x03, 0xC0, 0x00, 0xE0, 0x00,
  0x1F, 0xFE, 0x00, 0x03, 0xC0, 0x00, 0x1C, 0x00, 0x1F, 0x07, 0x80, 0x01,
  0xE0, 0x00, 0x07, 0x00, 0x0F, 0x00, 0xF0, 0x01, 0xE0, 0x00, 0x01, 0xC0,
  0x07, 0x00, 0x3C, 0x00, 0xF0, 0x00, 0x00, 0x70, 0x03, 0x80, 0x0F, 0x00,
  0x78, 0x00, 0x00, 0x1C, 0x01, 0xC0, 0x03, 0x80, 0x3C, 0x00, 0x00, 0x07,
  0x00, 0xC0, 0x01, 0xE0, 0x1E, 0x00, 0x00, 0x01, 0xC0, 0x60, 0x00, 0x78,
  0x0F, 0x00, 0x00, 0x00, 0x70, 0x30, 0x00, 0x1E, 0x07, 0x80, 0x00, 0x00,
  0x1C, 0x18, 0x00, 0x0F, 0x01, 0xC0, 0x00, 0x00, 0x0F, 0x0C, 0x00, 0x03,
  0xC0, 0xF0, 0x00, 0x00, 0x03, 0x86, 0x00, 0x01, 0xE0, 0x78, 0x00, 0x00,
  0x00, 0xE3, 0x00, 0x00, 0x78, 0x1C, 0x00, 0x00, 0x00, 0x38, 0xC0, 0x00,
  0x3E, 0x0F, 0x00, 0x00, 0x00, 0x1C, 0x60, 0x00, 0x0F, 0x03, 0x80, 0x00,
  0x00, 0x07, 0x30, 0x00, 0x07, 0xC1, 0xE0, 0x00, 0xF8, 0x01, 0xD8, 0x00,
  0x01, 0xE0, 0x70, 0x00, 0x03, 0x80, 0xE6, 0x00, 0x00, 0xF0, 0x3C, 0x00,
  0x00, 0x60, 0x3B, 0x00, 0x00, 0x3C, 0x0F, 0x00, 0x00, 0x18, 0x0D, 0x80,
  0x00, 0x1E, 0x03, 0xC0, 0x00, 0x06, 0x07, 0x60, 0x00, 0x07, 0x80, 0xE0,
  0x00, 0x01, 0x81, 0xF0, 0x00, 0x03, 0xC0, 0x38, 0x00, 0x00, 0x60, 0x7C,
  0x00, 0x00, 0xF0, 0x0E, 0x00, 0x00, 0x18, 0x3E, 0x00, 0x00, 0x78, 0x03,
  0x80, 0x00, 0x0C, 0x0F, 0x00, 0x00, 0x1E, 0x00, 0xE0, 0x00, 0x03, 0x07,
  0xC0, 0x00, 0x0F, 0x00, 0x38, 0x00, 0x01, 0x81, 0xE0, 0x00, 0x03, 0xC0,
  0x0E, 0x00, 0x00, 0x60, 0x78, 0x00, 0x00, 0xE0, 0x01, 0xC0, 0x00, 0x30,
  0x3C, 0x00, 0x00, 0x78, 0x00, 0x70, 0x00, 0x18, 0x0F, 0x00, 0x00, 0x1C,
  0x00, 0x0E, 0x00, 0x0C, 0x07, 0x80, 0x00, 0x0F, 0x00, 0x01, 0xC0, 0x0C,
  0x01, 0xE0, 0x00, 0x03, 0x80, 0x00, 0x38, 0x0E, 0x00, 0xF0, 0x00, 0x01,
  0xE0, 0x00, 0x03, 0xFC, 0x00, 0x3C, 0x00, 0x00, 0x70, 0x00, 0x00, 0x00,
  0x00, 0x0E, 0x00, 0x00, 0x1C, 0x00, 0x00, 0x00, 0x00, 0x07, 0x80, 0x00,
  0x0F, 0x00, 0x00, 0x00, 0x00, 0x01, 0xC0, 0x00, 0x03, 0x80, 0x00, 0x00,
  0x00, 0x00, 0xF0, 0x00, 0x00, 0xE0, 0x00, 0x00, 0x00, 0x00, 0x38, 0x00,
  0x00, 0x78, 0x00, 0x00, 0x00, 0x00, 0x1E, 0x00, 0x00, 0x1E, 0x00, 0x00,
  0x00, 0x00, 0x0F, 0x00, 0x00, 0x07, 0x00, 0x00, 0x00, 0x00, 0x03, 0xC0,
  0x00, 0x01, 0xC0, 0x00, 0x00, 0x00, 0x01, 0xF0, 0x00, 0x00, 0x70, 0x00,
  0x00, 0x00, 0x00, 0x78, 0x00, 0x00, 0x1C, 0x00, 0x00, 0x00, 0x00, 0x1C,
  0x00, 0x00, 0x07, 0x00, 0x00, 0x00, 0x00, 0x00, 0x00, 0x00, 0x00, 0xE0,
  0x00, 0x00, 0x00, 0x00, 0x00, 0x00, 0x00, 0x38, 0x00, 0x00, 0x00, 0x00,
  0x00, 0x00, 0x00, 0x07, 0x0E, 0x00, 0x00, 0x00, 0x00, 0x00, 0x00, 0x00,
  0x7F, 0x00, 0x00, 0x01, 0xFF, 0x00, 0x00, 0x00, 0x00, 0x1E, 0x01, 0xE0,
  0x00, 0x00, 0x01, 0xE0, 0x00, 0x70, 0x00, 0x00, 0x0F, 0x00, 0x00, 0x38,
  0x00, 0x00, 0x38, 0x00, 0x00, 0x38, 0x00, 0x00, 0xE0, 0x00, 0x00, 0x38,
  0x00, 0x03, 0x80, 0x00, 0x00, 0x38, 0x00, 0x0E, 0x00, 0x07, 0xE0, 0x38,
  0x00, 0x38, 0x00, 0x7C, 0x20, 0x38, 0x00, 0xE0, 0x01, 0xE0, 0x00, 0x70,
  0x01, 0xC0, 0x0F, 0x80, 0x00, 0xF0, 0x03, 0x00, 0x3C, 0x00, 0x00, 0xE0,
  0x0E, 0x00, 0xF0, 0x00, 0x01, 0xC0, 0x3C, 0x03, 0xC0, 0x00, 0x03, 0x80,
  0xF8, 0x0F, 0x00, 0x00, 0x07, 0x83, 0x70, 0x1E, 0x00, 0x00, 0x07, 0x0C,
  0xE0, 0x78, 0x00, 0x00, 0x0E, 0x31, 0xC1, 0xE0, 0x00, 0x00, 0x1C, 0xC3,
  0x87, 0x80, 0x00, 0x00, 0x3B, 0x07, 0x0F, 0x00, 0x00, 0x00, 0x7C, 0x0E,
  0x3C, 0x00, 0x00, 0x00, 0xF0, 0x0E, 0x78, 0x00, 0x00, 0x03, 0xC0, 0x0F,
  0xE0, 0x00, 0x00, 0x1F, 0x80, 0x1F, 0x80, 0x00, 0x01, 0xEE, 0x00, 0x0F,
  0x00, 0x00, 0x1F, 0x1C, 0x00, 0x1F, 0xC0, 0x03, 0xF8, 0x38, 0x00, 0x3F,
  0xFF, 0xFF, 0x00, 0xF0, 0x00, 0xF1, 0xFF, 0xE0, 0x01, 0xC0, 0x01, 0xC0,
  0x00, 0x00, 0x03, 0x80, 0x03, 0x80, 0x00, 0x00, 0x0F, 0x00, 0x07, 0x00,
  0x00, 0x00, 0x1C, 0x00, 0x1E, 0x00, 0x00, 0x00, 0x78, 0x00, 0x3C, 0x00,
  0x00, 0x00, 0xE0, 0x00, 0x70, 0x00, 0x00, 0x03, 0xC0, 0x00, 0xE0, 0x00,
  0x00, 0x07, 0x00, 0x00, 0xC0, 0x00, 0x00, 0x1C, 0x00, 0x01, 0x80, 0x00,
  0x00, 0x78, 0x00, 0x03, 0x80, 0x00, 0x00, 0xE0, 0x00, 0x07, 0x00, 0x00,
  0x03, 0x80, 0x00, 0x0E, 0x00, 0x00, 0x0E, 0x00, 0x00, 0x0C, 0x00, 0x00,
  0x38, 0x00, 0x00, 0x1C, 0x00, 0x00, 0xE0, 0x00, 0x00, 0x18, 0x00, 0x03,
  0x00, 0x00, 0x00, 0x18, 0x00, 0x1C, 0x00, 0x00, 0x00, 0x18, 0x00, 0x60,
  0x00, 0x00, 0x00, 0x1C, 0x07, 0x80, 0x00, 0x00, 0x00, 0x0F, 0xF8, 0x00,
  0x00, 0x00, 0x00, 0x00, 0x00, 0x00, 0x00, 0x00, 0x00, 0x30, 0x00, 0x00,
  0x00, 0x00, 0x00, 0x00, 0x07, 0x00, 0x00, 0x00, 0x00, 0x01, 0xFF, 0xFC,
  0x70, 0x00, 0x00, 0x00, 0x03, 0xFF, 0xFF, 0xFF, 0x00, 0x00, 0x00, 0x01,
  0xFF, 0x80, 0x00, 0xFF, 0x00, 0x00, 0x00, 0x7F, 0x80, 0x00, 0x07, 0x3E,
  0x00, 0x00, 0x0F, 0xE0, 0x00, 0x00, 0x70, 0x38, 0x00, 0x01, 0xF8, 0x00,
  0x00, 0x07, 0x80, 0x70, 0x00, 0x3F, 0x00, 0x00, 0x00, 0x78, 0x01, 0xC0,
  0x03, 0xE0, 0x00, 0x00, 0x07, 0x80, 0x07, 0x00, 0x3E, 0x00, 0x00, 0x00,
  0x7C, 0x00, 0x1C, 0x03, 0xC0, 0x00, 0x00, 0x03, 0xC0, 0x00, 0xE0, 0x3C,
  0x00, 0x00, 0x00, 0x3E, 0x00, 0x07, 0x03, 0xC0, 0x00, 0x00, 0x03, 0xE0,
  0x00, 0x3C, 0x1E, 0x00, 0x00, 0x00, 0x1F, 0x00, 0x01, 0xE1, 0xE0, 0x00,
  0x00, 0x01, 0xF0, 0x00, 0x0F, 0x0F, 0x00, 0x00, 0x00, 0x1F, 0x80, 0x00,
  0x78, 0x70, 0x00, 0x00, 0x00, 0xF8, 0x00, 0x03, 0x83, 0x80, 0x00, 0x00,
  0x0F, 0x80, 0x00, 0x3C, 0x1C, 0x00, 0x10, 0x00, 0x7C, 0x00, 0x01, 0xC0,
  0xE0, 0x00, 0x80, 0x07, 0xC0, 0x00, 0x1E, 0x07, 0x00, 0x0C, 0x00, 0x3E,
  0x00, 0x01, 0xE0, 0x18, 0x00, 0x60, 0x03, 0xE0, 0x00, 0x1E, 0x00, 0xE0,
  0x06, 0x00, 0x1F, 0x00, 0x01, 0xE0, 0x03, 0x80, 0x60, 0x01, 0xF0, 0x00,
  0x1E, 0x00, 0x0E, 0x0E, 0x00, 0x1F, 0x80, 0x01, 0xE0, 0x00, 0x1F, 0xC0,
  0x00, 0xF8, 0x00, 0x1E, 0x00, 0x00, 0x00, 0x00, 0x0F, 0x80, 0x03, 0xC0,
  0x00, 0x00, 0x00, 0x00, 0x7C, 0x00, 0x7C, 0x00, 0x00, 0x00, 0x00, 0x07,
  0xC0, 0x1F, 0x00, 0x00, 0x00, 0x00, 0x00, 0x3E, 0x0F, 0xE0, 0x00, 0x00,
  0x00, 0x00, 0x03, 0xFF, 0xE0, 0x00, 0x00, 0x00, 0x00, 0x00, 0x1E, 0x00,
  0x00, 0x00, 0x00, 0x00, 0x00, 0x01, 0xE0, 0x00, 0x00, 0x00, 0x00, 0x00,
  0x00, 0x0F, 0x00, 0x00, 0x00, 0x00, 0x00, 0x00, 0x00, 0xF0, 0x00, 0x00,
  0x00, 0x00, 0x00, 0x00, 0x0F, 0x00, 0x00, 0x00, 0x00, 0x07, 0xF0, 0x00,
  0xF0, 0x00, 0x00, 0x00, 0x00, 0xF0, 0x60, 0x07, 0x80, 0x00, 0x00, 0x00,
  0x0F, 0x00, 0x00, 0x78, 0x00, 0x00, 0x00, 0x00, 0x70, 0x00, 0x07, 0x80,
  0x00, 0x00, 0x00, 0x07, 0x80, 0x00, 0x78, 0x00, 0x00, 0x00, 0x00, 0x3C,
  0x00, 0x0F, 0x80, 0x00, 0x00, 0x00, 0x01, 0xE0, 0x00, 0xF8, 0x00, 0x00,
  0x00, 0x00, 0x07, 0x80, 0x1F, 0x00, 0x00, 0x00, 0x00, 0x00, 0x1E, 0x03,
  0xF0, 0x00, 0x00, 0x00, 0x00, 0x00, 0x7F, 0xFE, 0x00, 0x00, 0x00, 0x00,
  0x00, 0x00, 0xFF, 0x00, 0x00, 0x00, 0x00, 0x00, 0x00, 0x00, 0x01, 0xFF,
  0xE0, 0x00, 0x00, 0x00, 0xE0, 0x0F, 0xE0, 0x00, 0x00, 0x30, 0x00, 0x1F,
  0x80, 0x00, 0x0C, 0x00, 0x00, 0x7C, 0x00, 0x01, 0x00, 0x00, 0x03, 0xE0,
  0x00, 0x30, 0x00, 0x00, 0x0F, 0x00, 0x06, 0x00, 0x00, 0x00, 0x78, 0x00,
  0xC0, 0x00, 0x00, 0x03, 0xC0, 0x0C, 0x00, 0x0F, 0xE0, 0x3C, 0x01, 0x80,
  0x03, 0xE1, 0x01, 0xE0, 0x18, 0x00, 0xF8, 0x00, 0x1E, 0x01, 0x80, 0x1E,
  0x00, 0x00, 0xF0, 0x18, 0x03, 0xC0, 0x00, 0x0F, 0x01, 0x80, 0xF8, 0x00,
  0x00, 0x70, 0x18, 0x1F, 0x00, 0x00, 0x07, 0x01, 0x81, 0xE0, 0x00, 0x00,
  0x70, 0x18, 0x3C, 0x00, 0x00, 0x07, 0x81, 0x87, 0x80, 0x00, 0x00, 0x78,
  0x18, 0xF8, 0x00, 0x00, 0x03, 0x80, 0x8F, 0x00, 0x00, 0x00, 0x38, 0x01,
  0xE0, 0x00, 0x00, 0x03, 0x00, 0x1E, 0x00, 0x00, 0x00, 0x30, 0x03, 0xC0,
  0x00, 0x00, 0x07, 0x00, 0x3C, 0x00, 0x00, 0x00, 0x70, 0x07, 0x80, 0x00,
  0x00, 0x07, 0x00, 0x78, 0x00, 0x00, 0x00, 0x70, 0x0F, 0x00, 0x00, 0x00,
  0x06, 0x00, 0xF0, 0x00, 0x00, 0x00, 0xE0, 0x0F, 0x00, 0x00, 0x00, 0x0E,
  0x00, 0xE0, 0x00, 0x00, 0x00, 0xC0, 0x0E, 0x00, 0x00, 0x00, 0x1C, 0x01,
  0xE0, 0x00, 0x00, 0x01, 0x80, 0x1E, 0x00, 0x00, 0x00, 0x38, 0x01, 0xE0,
  0x00, 0x00, 0x03, 0x00, 0x1C, 0x00, 0x00, 0x00, 0x70, 0x01, 0xC0, 0x00,
  0x00, 0x06, 0x00, 0x1C, 0x00, 0x00, 0x00, 0xC0, 0x00, 0xC0, 0x00, 0x00,
  0x1C, 0x00, 0x0E, 0x00, 0x00, 0x03, 0x80, 0x00, 0xE0, 0x00, 0x00, 0x70,
  0x00, 0x0E, 0x00, 0x00, 0x0E, 0x00, 0x00, 0x60, 0x00, 0x01, 0xC0, 0x00,
  0x07, 0x00, 0x00, 0x38, 0x00, 0x00, 0x30, 0x00, 0x07, 0x00, 0x00, 0x01,
  0x80, 0x01, 0xC0, 0x00, 0x00, 0x0C, 0x00, 0x78, 0x00, 0x00, 0x00, 0x70,
  0x1E, 0x00, 0x00, 0x00, 0x01, 0xFF, 0x00, 0x00, 0x00, 0x3E, 0x00, 0x00,
  0x00, 0x00, 0x07, 0xFC, 0x00, 0x00, 0x00, 0x00, 0xC3, 0xE0, 0x00, 0x00,
  0x00, 0x08, 0x0F, 0x80, 0x00, 0x07, 0x00, 0x80, 0x3C, 0x00, 0x00, 0x1E,
  0x00, 0x01, 0xE0, 0x00, 0x00, 0x30, 0x00, 0x0F, 0x80, 0x00, 0x00, 0xC0,
  0x00, 0x7C, 0x00, 0x00, 0x06, 0x00, 0x03, 0xE0, 0x00, 0x00, 0x20, 0x00,
  0x1F, 0x80, 0x00, 0x03, 0x00, 0x00, 0xFC, 0x00, 0x00, 0x10, 0x00, 0x03,
  0xF0, 0x00, 0x01, 0x00, 0x00, 0x1F, 0x80, 0x00, 0x10, 0x00, 0x00, 0xFE,
  0x00, 0x01, 0x00, 0x00, 0x03, 0xFC, 0x00, 0x20, 0x00, 0x00, 0x07, 0xF8,
  0x0C, 0x00, 0x00, 0x00, 0x0F, 0xFF, 0x00, 0x00, 0x00, 0x00, 0x00, 0x00,
  0x02, 0x00, 0x00, 0x00, 0x00, 0x00, 0x7F, 0xFC, 0x60, 0x00, 0x00, 0x00,
  0x07, 0xFF, 0xFF, 0xFF, 0xC0, 0x00, 0x00, 0x03, 0xFF, 0x80, 0x01, 0xFF,
  0x80, 0x00, 0x01, 0xFE, 0x00, 0x00, 0x3C, 0x3F, 0x00, 0x00, 0x7E, 0x00,
  0x00, 0x07, 0x80, 0x7C, 0x00, 0x1F, 0x80, 0x00, 0x00, 0x70, 0x01, 0xE0,
  0x03, 0xE0, 0x00, 0x00, 0x0F, 0x00, 0x0E, 0x00, 0x78, 0x00, 0x00, 0x01,
  0xE0, 0x00, 0xF0, 0x0F, 0x00, 0x00, 0x00, 0x1C, 0x00, 0x0F, 0x01, 0xE0,
  0x00, 0x00, 0x03, 0xC0, 0x00, 0xF0, 0x3C, 0x00, 0x00, 0x00, 0x38, 0x00,
  0x0F, 0x03, 0x80, 0x00, 0x00, 0x07, 0x80, 0x00, 0xF0, 0x78, 0x00, 0x00,
  0x00, 0xF0, 0x00, 0x1F, 0x07, 0x00, 0x00, 0x00, 0x0E, 0x00, 0x03, 0xE0,
  0xF0, 0x00, 0x00, 0x01, 0xE0, 0x00, 0x3C, 0x0E, 0x00, 0x00, 0x00, 0x1C,
  0x00, 0x0F, 0x80, 0xE0, 0x00, 0x00, 0x03, 0xC0, 0x01, 0xF0, 0x0E, 0x00,
  0x04, 0x00, 0x38, 0x00, 0x3C, 0x00, 0xE0, 0x00, 0x40, 0x07, 0x00, 0x0F,
  0x80, 0x0E, 0x00, 0x08, 0x00, 0x70, 0x0F, 0xC0, 0x00, 0x60, 0x00, 0x80,
  0x0F, 0xFF, 0xE0, 0x00, 0x07, 0x00, 0x10, 0x01, 0xFF, 0xE0, 0x00, 0x00,
  0x38, 0x03, 0x00, 0x1F, 0xC0, 0x00, 0x00, 0x01, 0xE0, 0xC0, 0x03, 0xFC,
  0x00, 0x00, 0x00, 0x07, 0xF0, 0x00, 0x3F, 0xC0, 0x00, 0x00, 0x00, 0x00,
  0x00, 0x07, 0x9C, 0x00, 0x00, 0x00, 0x00, 0x00, 0x00, 0x79, 0xE0, 0x00,
  0x00, 0x00, 0x00, 0x00, 0x0F, 0x1E, 0x00, 0x00, 0x00, 0x00, 0x00, 0x00,
  0xE1, 0xE0, 0x00, 0x00, 0x00, 0x00, 0x00, 0x1E, 0x0F, 0x00, 0x00, 0x00,
  0x00, 0x00, 0x03, 0xC0, 0xF0, 0x00, 0x00, 0x00, 0x00, 0x00, 0x3C, 0x0F,
  0x00, 0x00, 0x00, 0x00, 0x00, 0x07, 0x80, 0x78, 0x00, 0x00, 0x00, 0x00,
  0x00, 0xF8, 0x07, 0x80, 0x00, 0x20, 0xFC, 0x00, 0x0F, 0x00, 0x78, 0x00,
  0x02, 0x3C, 0x38, 0x01, 0xE0, 0x03, 0xC0, 0x00, 0x27, 0x80, 0x00, 0x3C,
  0x00, 0x3C, 0x00, 0x04, 0x70, 0x00, 0x07, 0xC0, 0x01, 0xE0, 0x00, 0x4F,
  0x00, 0x00, 0xF8, 0x00, 0x1E, 0x00, 0x08, 0xF0, 0x00, 0x1F, 0x00, 0x00,
  0xF0, 0x01, 0x8F, 0x00, 0x03, 0xE0, 0x00, 0x0F, 0x80, 0x30, 0xF0, 0x00,
  0x7C, 0x00, 0x00, 0x78, 0x02, 0x07, 0x80, 0x1F, 0x00, 0x00, 0x03, 0xC0,
  0x60, 0x3C, 0x07, 0xE0, 0x00, 0x00, 0x1F, 0x1C, 0x01, 0xFF, 0xF8, 0x00,
  0x00, 0x00, 0xFF, 0x80, 0x03, 0xF8, 0x00, 0x00, 0x00, 0x03, 0xE0, 0x00,
  0x00, 0x00, 0x00, 0x00, 0x0F, 0xFC, 0x00, 0x00, 0x00, 0x00, 0x07, 0xE0,
  0x3C, 0x00, 0x00, 0x00, 0x01, 0xF0, 0x00, 0x70, 0x00, 0x00, 0x00, 0x3C,
  0x00, 0x00, 0xC0, 0x00, 0x00, 0x03, 0xC0, 0x00, 0x07, 0x00, 0x00, 0x00,
  0x3C, 0x00, 0x00, 0x18, 0x00, 0x00, 0x03, 0xC0, 0x00, 0x00, 0xE0, 0x00,
  0x00, 0x3C, 0x00, 0x00, 0x06, 0x00, 0x00, 0x01, 0xC0, 0x00, 0x00, 0x30,
  0x00, 0x00, 0x1E, 0x00, 0x00, 0x01, 0x80, 0x00, 0x00, 0xF0, 0x00, 0x00,
  0x18, 0x00, 0x00, 0x07, 0x80, 0x00, 0x03, 0x00, 0x00, 0x00, 0x3C, 0x00,
  0x00, 0x20, 0x00, 0x00, 0x01, 0xF0, 0x00, 0x00, 0x00, 0x00, 0x00, 0x0F,
  0xC0, 0x00, 0x00, 0x00, 0x00, 0x00, 0x3F, 0x00, 0x00, 0x00, 0x00, 0x00,
  0x00, 0xFC, 0x00, 0x00, 0x00, 0x00, 0x00, 0x03, 0xF8, 0x00, 0x00, 0x00,
  0x00, 0x00, 0x0F, 0xF0, 0x00, 0x00, 0x00, 0x00, 0x00, 0x3F, 0xE0, 0x00,
  0x00, 0x00, 0x00, 0x00, 0x7F, 0xC0, 0x00, 0x00, 0x30, 0x00, 0x00, 0xFF,
  0xC0, 0x00, 0x03, 0x00, 0x00, 0x00, 0xFF, 0x00, 0x00, 0x30, 0x00, 0x00,
  0x01, 0xFE, 0x00, 0x03, 0x00, 0x00, 0x00, 0x03, 0xF8, 0x00, 0x30, 0x00,
  0x00, 0x00, 0x07, 0xE0, 0x03, 0x80, 0x00, 0x00, 0x00, 0x1F, 0x80, 0x38,
  0x00, 0x00, 0x00, 0x00, 0x7E, 0x01, 0xC0, 0x00, 0x00, 0x00, 0x01, 0xF0,
  0x1C, 0x00, 0x00, 0x00, 0x00, 0x07, 0xC0, 0xE0, 0x00, 0x00, 0x00, 0x00,
  0x3E, 0x07, 0x00, 0x00, 0x00, 0x00, 0x01, 0xF0, 0x70, 0x00, 0x00, 0x00,
  0x00, 0x0F, 0x83, 0x80, 0x00, 0x00, 0x00, 0x00, 0x7C, 0x1C, 0x00, 0x00,
  0x00, 0x00, 0x03, 0xC0, 0xE0, 0x00, 0x00, 0x00, 0x00, 0x1E, 0x07, 0x00,
  0x00, 0x00, 0x00, 0x00, 0xF0, 0x38, 0x00, 0x00, 0x00, 0x00, 0x0F, 0x01,
  0xC0, 0x00, 0x00, 0x00, 0x00, 0x70, 0x0E, 0x00, 0x00, 0x00, 0x00, 0x07,
  0x80, 0x70, 0x00, 0x00, 0x00, 0x00, 0x38, 0x01, 0xC0, 0x00, 0x00, 0x00,
  0x03, 0x80, 0x0E, 0x00, 0x00, 0x00, 0x00, 0x38, 0x00, 0x38, 0x00, 0x00,
  0x00, 0x03, 0x80, 0x00, 0xC0, 0x00, 0x00, 0x00, 0x38, 0x00, 0x07, 0x00,
  0x00, 0x00, 0x07, 0x00, 0x00, 0x0C, 0x00, 0x00, 0x00, 0x70, 0x00, 0x00,
  0x38, 0x00, 0x00, 0x0E, 0x00, 0x00, 0x00, 0x70, 0x00, 0x03, 0xC0, 0x00,
  0x00, 0x00, 0xF8, 0x01, 0xF0, 0x00, 0x00, 0x00, 0x00, 0x7F, 0xF0, 0x00,
  0x00, 0x00, 0x00, 0x00, 0x00, 0x01, 0xFF, 0xC0, 0x00, 0x00, 0x00, 0x00,
  0x00, 0x00, 0x00, 0xFF, 0xFF, 0xE0, 0x00, 0x00, 0x00, 0x00, 0x00, 0x00,
  0x1F, 0xFF, 0xFF, 0xE0, 0x07, 0x00, 0x00, 0x00, 0x00, 0x01, 0xFF, 0x00,
  0x0F, 0xE0, 0x60, 0x00, 0x00, 0x00, 0x00, 0x1F, 0xC0, 0x00, 0x03, 0xEE,
  0x00, 0x00, 0x00, 0x00, 0x01, 0xF8, 0x00, 0x00, 0x03, 0xE0, 0x00, 0x00,
  0x00, 0x00, 0x1F, 0x80, 0x00, 0x00, 0x07, 0xC0, 0x00, 0x20, 0x00, 0x01,
  0xF0, 0x00, 0x00, 0x00, 0x67, 0xC0, 0x01, 0x00, 0x00, 0x0F, 0x00, 0x00,
  0x00, 0x03, 0x07, 0xE0, 0x18, 0x00, 0x00, 0xF8, 0x00, 0x00, 0x00, 0x30,
  0x07, 0xFF, 0x80, 0x00, 0x07, 0x80, 0x00, 0x00, 0x01, 0x80, 0x01, 0xF0,
  0x00, 0x00, 0x38, 0x00, 0x00, 0x00, 0x18, 0x00, 0x00, 0x00, 0x00, 0x03,
  0xC0, 0x00, 0x00, 0x00, 0xC0, 0x00, 0x00, 0x00, 0x00, 0x1C, 0x00, 0x00,
  0x00, 0x04, 0x00, 0x00, 0x00, 0x00, 0x00, 0xE0, 0x00, 0x00, 0x00, 0x60,
  0x00, 0x00, 0x00, 0x00, 0x07, 0x00, 0x01, 0x00, 0x03, 0x00, 0x00, 0x00,
  0x00, 0x00, 0x18, 0x00, 0x18, 0x00, 0x30, 0x00, 0x00, 0x00, 0x00, 0x00,
  0xC0, 0x00, 0x80, 0x01, 0x80, 0x00, 0x00, 0x00, 0x00, 0x06, 0x00, 0x0C,
  0x00, 0x18, 0x00, 0x00, 0x00, 0x01, 0x80, 0x18, 0x00, 0xC0, 0x00, 0xC0,
  0x00, 0x00, 0x00, 0x30, 0x00, 0x60, 0x0C, 0x00, 0x0E, 0x00, 0x00, 0x00,
  0x03, 0x00, 0x01, 0xC1, 0xC0, 0x00, 0x60, 0x00, 0x00, 0x00, 0x30, 0x00,
  0x03, 0xF8, 0x00, 0x07, 0x00, 0x00, 0x00, 0x03, 0x80, 0x00, 0x00, 0x00,
  0x00, 0x38, 0x00, 0x00, 0x00, 0x38, 0x00, 0x00, 0x00, 0x00, 0x01, 0x80,
  0x00, 0x00, 0x01, 0xC0, 0x00, 0x00, 0x00, 0x00, 0x1C, 0x00, 0x00, 0x00,
  0x0C, 0x00, 0x00, 0x00, 0x00, 0x00, 0xE0, 0x00, 0x00, 0x00, 0xE0, 0x00,
  0x00, 0x00, 0x00, 0x0E, 0x00, 0x00, 0x00, 0x07, 0x00, 0x00, 0x00, 0x00,
  0x00, 0xF0, 0x00, 0x00, 0x00, 0x38, 0x00, 0x00, 0x00, 0x00, 0x07, 0x00,
  0x00, 0x00, 0x01, 0xC0, 0x00, 0x00, 0x00, 0x00, 0x78, 0x00, 0x00, 0x00,
  0x1E, 0x00, 0x00, 0x00, 0x00, 0x03, 0x80, 0x00, 0x00, 0x00, 0xF0, 0x00,
  0x00, 0x00, 0x00, 0x3C, 0x00, 0x00, 0x00, 0x07, 0x80, 0x00, 0x00, 0x00,
  0x03, 0xC0, 0x00, 0x00, 0x00, 0x1C, 0x00, 0x00, 0x00, 0x00, 0x1E, 0x00,
  0x00, 0x00, 0x00, 0xE0, 0x00, 0x00, 0x00, 0x01, 0xE0, 0x00, 0x00, 0x00,
  0x07, 0x00, 0x00, 0x00, 0x00, 0x1E, 0x00, 0x00, 0x00, 0x00, 0x3C, 0x00,
  0x00, 0x00, 0x01, 0xF0, 0x00, 0x00, 0x00, 0x00, 0xE0, 0x00, 0x00, 0x00,
  0x1F, 0x00, 0x00, 0x00, 0x00, 0x07, 0x80, 0x00, 0x00, 0x01, 0xF0, 0x00,
  0x00, 0x00, 0x00, 0x1E, 0x00, 0x00, 0x00, 0x1F, 0x00, 0x00, 0x00, 0x00,
  0x00, 0x78, 0x00, 0x00, 0x01, 0xF0, 0x00, 0x00, 0x00, 0x00, 0x01, 0xE0,
  0x00, 0x00, 0x3E, 0x00, 0x00, 0x00, 0x00, 0x00, 0x07, 0x80, 0x00, 0x07,
  0xE0, 0x00, 0x00, 0x00, 0x00, 0x00, 0x0F, 0x80, 0x00, 0xFC, 0x00, 0x00,
  0x00, 0x00, 0x00, 0x00, 0x1F, 0x80, 0x3F, 0x00, 0x00, 0x00, 0x00, 0x00,
  0x00, 0x00, 0x0F, 0xFF, 0x80, 0x00, 0x00, 0x00, 0x00, 0x00, 0x00, 0x00,
  0x00, 0x00, 0x7F, 0x80, 0x00, 0x00, 0x00, 0x00, 0x03, 0xC0, 0x70, 0x00,
  0x00, 0x00, 0x00, 0x1C, 0x00, 0x18, 0x00, 0x00, 0x00, 0x00, 0x70, 0x00,
  0x0C, 0x00, 0x00, 0x00, 0x01, 0xC0, 0x00, 0x06, 0x00, 0x00, 0x00, 0x03,
  0x00, 0x00, 0x06, 0x00, 0x00, 0x00, 0x0E, 0x00, 0x00, 0x07, 0x00, 0x00,
  0x00, 0x18, 0x00, 0x00, 0x07, 0x00, 0x00, 0x00, 0x30, 0x00, 0x00, 0x07,
  0x00, 0x00, 0x00, 0x60, 0x00, 0x00, 0x07, 0x00, 0x00, 0x00, 0xC0, 0x00,
  0x00, 0x07, 0x00, 0x00, 0x01, 0x80, 0x00, 0x00, 0x07, 0x00, 0x00, 0x03,
  0x00, 0x00, 0x00, 0x07, 0x00, 0x00, 0x06, 0x00, 0x00, 0x00, 0x07, 0x00,
  0x00, 0x0E, 0x00, 0x00, 0x00, 0x0F, 0x00, 0x00, 0x0C, 0x00, 0x00, 0x00,
  0x0F, 0x00, 0x00, 0x18, 0x00, 0x00, 0x00, 0x0E, 0x00, 0x00, 0x38, 0x00,
  0x00, 0x00, 0x0E, 0x00, 0x00, 0x30, 0x00, 0x00, 0x00, 0x1E, 0x00, 0x00,
  0x30, 0x00, 0x3E, 0x00, 0x1C, 0x00, 0x00, 0x60, 0x00, 0x43, 0x80, 0x3C,
  0x00, 0x06, 0x60, 0x00, 0x01, 0x80, 0x3C, 0x00, 0x0F, 0xE0, 0x00, 0x00,
  0x80, 0x38, 0x00, 0x0E, 0xE0, 0x00, 0x00, 0xC0, 0x78, 0x00, 0x1E, 0xC0,
  0x00, 0x00, 0xC0, 0x70, 0x00, 0x1E, 0xC0, 0x00, 0x00, 0xC0, 0xF0, 0x00,
  0x3C, 0xC0, 0x00, 0x00, 0x80, 0xF0, 0x00, 0x3C, 0xC0, 0x00, 0x00, 0x81,
  0xE0, 0x00, 0x78, 0xC0, 0x00, 0x01, 0x81, 0xE0, 0x00, 0x78, 0xC0, 0x00,
  0x01, 0x81, 0xC0, 0x00, 0xF0, 0xC0, 0x00, 0x03, 0x03, 0xC0, 0x00, 0xF0,
  0xE0, 0x00, 0x03, 0x03, 0x80, 0x01, 0xE0, 0xE0, 0x00, 0x06, 0x07, 0x80,
  0x01, 0xE0, 0x60, 0x00, 0x04, 0x07, 0x00, 0x03, 0xE0, 0x70, 0x00, 0x08,
  0x07, 0x00, 0x03, 0xC0, 0x30, 0x00, 0x10, 0x0F, 0x00, 0x07, 0xC0, 0x18,
  0x00, 0x20, 0x0E, 0x00, 0x07, 0xC0, 0x1C, 0x00, 0x40, 0x0E, 0x00, 0x0F,
  0x80, 0x07, 0x03, 0x80, 0x1E, 0x00, 0x0F, 0x80, 0x01, 0xFC, 0x00, 0x1C,
  0x00, 0x1B, 0x80, 0x00, 0x00, 0x00, 0x1C, 0x00, 0x3B, 0x80, 0x00, 0x00,
  0x00, 0x1C, 0x00, 0x33, 0x00, 0x00, 0x00, 0x00, 0x1C, 0x00, 0x63, 0x00,
  0x00, 0x00, 0x00, 0x1C, 0x00, 0xC3, 0x00, 0x00, 0x00, 0x00, 0x1C, 0x00,
  0xC3, 0x00, 0x00, 0x00, 0x00, 0x1C, 0x01, 0x83, 0x00, 0x00, 0x00, 0x00,
  0x1C, 0x03, 0x03, 0x00, 0x00, 0x00, 0x00, 0x1C, 0x0C, 0x03, 0x00, 0x00,
  0x00, 0x00, 0x0E, 0x18, 0x03, 0x00, 0x00, 0x00, 0x00, 0x07, 0xE0, 0x03,
  0x00, 0x00, 0x00, 0x00, 0x00, 0x00, 0x01, 0x80, 0x00, 0x00, 0x00, 0x00,
  0x00, 0x00, 0xE0, 0x00, 0x00, 0x00, 0x7F, 0xC0, 0x00, 0x00, 0x00, 0x00,
  0x01, 0xF8, 0x1C, 0x00, 0x00, 0x00, 0x00, 0x03, 0xE0, 0x00, 0xC0, 0x00,
  0x00, 0x00, 0x03, 0xC0, 0x00, 0x18, 0x00, 0x00, 0x00, 0x03, 0xC0, 0x00,
  0x07, 0x00, 0x00, 0x00, 0x03, 0xE0, 0x00, 0x00, 0xC0, 0x00, 0x00, 0x01,
  0xE0, 0x00, 0x00, 0x30, 0x00, 0x00, 0x00, 0xF0, 0x00, 0x00, 0x0E, 0x00,
  0x00, 0x00, 0xF8, 0x00, 0x00, 0x03, 0x80, 0x00, 0x00, 0x78, 0x00, 0x00,
  0x00, 0xE0, 0x00, 0x00, 0x3C, 0x00, 0x00, 0x00, 0x38, 0x00, 0x00, 0x1E,
  0x00, 0x00, 0x00, 0x0E, 0x00, 0x00, 0x07, 0x80, 0x00, 0x00, 0x07, 0x80,
  0x00, 0x03, 0xC0, 0x00, 0x00, 0x01, 0xE0, 0x06, 0x01, 0xE0, 0x00, 0x00,
  0x00, 0x78, 0x00, 0x20, 0x70, 0x00, 0x00, 0x00, 0x1C, 0x00, 0x04, 0x3C,
  0x00, 0x00, 0x00, 0x0F, 0x00, 0x01, 0x8E, 0x00, 0x00, 0x00, 0x03, 0xC0,
  0x00, 0x67, 0x80, 0x00, 0x00, 0x00, 0xF0, 0x00, 0x1D, 0xC0, 0x00, 0x00,
  0x00, 0x78, 0x00, 0x07, 0x70, 0x00, 0x1F, 0x00, 0x1E, 0x00, 0x01, 0xFC,
  0x00, 0x08, 0x70, 0x07, 0x80, 0x00, 0x7E, 0x00, 0x00, 0x0C, 0x03, 0xC0,
  0x00, 0x1F, 0x80, 0x00, 0x03, 0x80, 0xF0, 0x00, 0x07, 0xE0, 0x00, 0x00,
  0x60, 0x3C, 0x00, 0x03, 0xF8, 0x00, 0x00, 0x18, 0x1E, 0x00, 0x00, 0xEE,
  0x00, 0x00, 0x06, 0x07, 0x80, 0x00, 0x3B, 0x80, 0x00, 0x01, 0x83, 0xC0,
  0x00, 0x1C, 0xE0, 0x00, 0x00, 0xE0, 0xF0, 0x00, 0x07, 0x38, 0x00, 0x00,
  0x30, 0x3C, 0x00, 0x03, 0xCE, 0x00, 0x00, 0x0C, 0x1E, 0x00, 0x00, 0xE1,
  0x80, 0x00, 0x06, 0x07, 0x80, 0x00, 0x70, 0x70, 0x00, 0x03, 0x03, 0xE0,
  0x00, 0x1C, 0x0C, 0x00, 0x01, 0xC0, 0xF0, 0x00, 0x0E, 0x03, 0x80, 0x00,
  0x60, 0x3C, 0x00, 0x07, 0x80, 0x60, 0x00, 0x60, 0x1E, 0x00, 0x01, 0xC0,
  0x0E, 0x00, 0x30, 0x07, 0x80, 0x00, 0xE0, 0x01, 0xC0, 0x30, 0x01, 0xE0,
  0x00, 0x78, 0x00, 0x1F, 0xE0, 0x00, 0xF0, 0x00, 0x1C, 0x00, 0x00, 0x00,
  0x00, 0x3C, 0x00, 0x0E, 0x00, 0x00, 0x00, 0x00, 0x0F, 0x00, 0x07, 0x00,
  0x00, 0x00, 0x00, 0x03, 0x80, 0x03, 0x80, 0x00, 0x00, 0x00, 0x01, 0xE0,
  0x01, 0xC0, 0x00, 0x00, 0x00, 0x00, 0x78, 0x00, 0x70, 0x00, 0x00, 0x00,
  0x00, 0x1C, 0x00, 0x38, 0x00, 0x00, 0x00, 0x00, 0x07, 0x00, 0x1C, 0x00,
  0x00, 0x00, 0x00, 0x01, 0xC0, 0x0C, 0x00, 0x00, 0x00, 0x00, 0x00, 0x70,
  0x0E, 0x00, 0x00, 0x00, 0x00, 0x00, 0x1C, 0x07, 0x00, 0x00, 0x00, 0x00,
  0x00, 0x07, 0x03, 0x80, 0x00, 0x00, 0x00, 0x00, 0x01, 0xC3, 0x80, 0x00,
  0x00, 0x00, 0x00, 0x00, 0x7F, 0xC0, 0x00, 0x00, 0x00, 0x00, 0x00, 0x0F,
  0x80, 0x00, 0x00, 0x00, 0x00, 0x00, 0x00, 0x7F, 0x80, 0x00, 0x00, 0x00,
  0x00, 0x00, 0x00, 0x00, 0x1F, 0x03, 0x80, 0x00, 0x00, 0x00, 0x00, 0x00,
  0x00, 0x07, 0xC0, 0x07, 0x00, 0x00, 0x00, 0x00, 0x00, 0x00, 0x00, 0xF0,
  0x00, 0x0C, 0x00, 0x00, 0x00, 0x00, 0x00, 0x00, 0x1E, 0x00, 0x00, 0x60,
  0x00, 0x00, 0x00, 0x00, 0x00, 0x01, 0xE0, 0x00, 0x03, 0x80, 0x00, 0x00,
  0x00, 0x00, 0x00, 0x3C, 0x00, 0x00, 0x1C, 0x00, 0x00, 0x00, 0x00, 0x00,
  0x03, 0xC0, 0x00, 0x00, 0xE0, 0x00, 0x00, 0x00, 0x00, 0x00, 0x3C, 0x00,
  0x00, 0x07, 0x80, 0x00, 0x00, 0x00, 0x00, 0x03, 0xC0, 0x00, 0x00, 0x3C,
  0x00, 0x00, 0x00, 0x00, 0x00, 0x3C, 0x00, 0x00, 0x01, 0xE0, 0x00, 0x00,
  0x00, 0x00, 0x03, 0xC0, 0x00, 0x00, 0x0F, 0x00, 0x00, 0x01, 0xFC, 0x00,
  0x3C, 0x00, 0x00, 0x00, 0x78, 0x00, 0x00, 0x00, 0x38, 0x03, 0xC0, 0x00,
  0x00, 0x03, 0x80, 0x00, 0x00, 0x00, 0x60, 0x3E, 0x00, 0x00, 0x00, 0x3C,
  0x00, 0x00, 0x00, 0x01, 0x81, 0xE0, 0x00, 0x00, 0x01, 0xE0, 0x00, 0x00,
  0x00, 0x0E, 0x1E, 0x00, 0x00, 0x00, 0x0F, 0x00, 0x00, 0x00, 0x00, 0x30,
  0xF0, 0x00, 0x00, 0x00, 0xF8, 0x00, 0x00, 0x00, 0x01, 0x8F, 0x00, 0x00,
  0x00, 0x07, 0x80, 0x00, 0x00, 0x00, 0x0E, 0x78, 0x00, 0x7E, 0x00, 0x3C,
  0x00, 0x00, 0x00, 0x00, 0x77, 0x80, 0x04, 0x78, 0x03, 0xE0, 0x00, 0x60,
  0x00, 0x03, 0xBC, 0x00, 0x00, 0xE0, 0x1E, 0x00, 0x07, 0x00, 0x00, 0x1D,
  0xC0, 0x00, 0x07, 0x00, 0xF0, 0x00, 0x78, 0x00, 0x00, 0xFE, 0x00, 0x00,
  0x18, 0x0F, 0x00, 0x03, 0xC0, 0x00, 0x07, 0xF0, 0x00, 0x00, 0xC0, 0x78,
  0x00, 0x3E, 0x00, 0x00, 0x3F, 0x80, 0x00, 0x06, 0x07, 0xC0, 0x03, 0xE0,
  0x00, 0x01, 0xFC, 0x00, 0x00, 0x70, 0x3C, 0x00, 0x1F, 0x00, 0x00, 0x0F,
  0xC0, 0x00, 0x03, 0x81, 0xE0, 0x01, 0xF8, 0x00, 0x00, 0x7E, 0x00, 0x00,
  0x18, 0x1E, 0x00, 0x1F, 0x80, 0x00, 0x07, 0xF0, 0x00, 0x01, 0xC0, 0xF0,
  0x00, 0xFC, 0x00, 0x00, 0x3B, 0x80, 0x00, 0x0C, 0x07, 0x00, 0x0F, 0xC0,
  0x00, 0x01, 0xCE, 0x00, 0x00, 0xE0, 0x78, 0x00, 0x7E, 0x00, 0x00, 0x1E,
  0x70, 0x00, 0x06, 0x03, 0xC0, 0x07, 0xF0, 0x00, 0x00, 0xE1, 0x80, 0x00,
  0x60, 0x3C, 0x00, 0x3F, 0x00, 0x00, 0x0F, 0x0E, 0x00, 0x06, 0x01, 0xE0,
  0x03, 0xF8, 0x00, 0x00, 0x78, 0x30, 0x00, 0x60, 0x0F, 0x00, 0x3F, 0x80,
  0x00, 0x07, 0x80, 0xE0, 0x06, 0x00, 0xF0, 0x01, 0xDC, 0x00, 0x00, 0x78,
  0x03, 0x80, 0xC0, 0x07, 0x80, 0x1C, 0xE0, 0x00, 0x03, 0xC0, 0x03, 0xF8,
  0x00, 0x3C, 0x00, 0xE7, 0x00, 0x00, 0x3C, 0x00, 0x00, 0x00, 0x03, 0xC0,
  0x0E, 0x30, 0x00, 0x03, 0xC0, 0x00, 0x00, 0x00, 0x1E, 0x00, 0xE1, 0x80,
  0x00, 0x3C, 0x00, 0x00, 0x00, 0x00, 0xF0, 0x06, 0x0C, 0x00, 0x03, 0xC0,
  0x00, 0x00, 0x00, 0x0F, 0x00, 0x70, 0x60, 0x00, 0x3C, 0x00, 0x00, 0x00,
  0x00, 0x78, 0x07, 0x03, 0x00, 0x03, 0xC0, 0x00, 0x00, 0x00, 0x03, 0xC0,
  0x30, 0x18, 0x00, 0x3C, 0x00, 0x00, 0x00, 0x00, 0x1C, 0x03, 0x00, 0xC0,
  0x07, 0x80, 0x00, 0x00, 0x00, 0x00, 0xE0, 0x30, 0x03, 0x00, 0xF8, 0x00,
  0x00, 0x00, 0x00, 0x07, 0x03, 0x00, 0x0C, 0x1F, 0x00, 0x00, 0x00, 0x00,
  0x00, 0x38, 0x30, 0x00, 0x1F, 0xC0, 0x00, 0x00, 0x00, 0x00, 0x01, 0xC3,
  0x00, 0x00, 0x00, 0x00, 0x00, 0x00, 0x00, 0x00, 0x0E, 0x30, 0x00, 0x00,
  0x00, 0x00, 0x00, 0x00, 0x00, 0x00, 0x3E, 0x00, 0x00, 0x00, 0x00, 0x00,
  0x00, 0x00, 0x00, 0x00, 0x00, 0x00, 0x00, 0x00, 0x00, 0x08, 0x00, 0x00,
  0x00, 0x00, 0x00, 0x00, 0x00, 0x01, 0xC0, 0x00, 0x00, 0x00, 0x00, 0x00,
  0x00, 0x00, 0x1C, 0x00, 0x00, 0x00, 0x1F, 0x80, 0x00, 0x00, 0x01, 0xC0,
  0x00, 0x00, 0x07, 0xFF, 0x00, 0x00, 0x00, 0x1C, 0x00, 0x00, 0x00, 0xFF,
  0xFC, 0x00, 0x00, 0x01, 0xC0, 0x00, 0x00, 0x1C, 0x07, 0xE0, 0x00, 0x00,
  0x3C, 0x00, 0x00, 0x01, 0x80, 0x1F, 0x00, 0x00, 0x03, 0x80, 0x00, 0x00,
  0x30, 0x00, 0x7C, 0x00, 0x00, 0x38, 0x00, 0x00, 0x03, 0x00, 0x03, 0xE0,
  0x00, 0x07, 0x00, 0x00, 0x00, 0x70, 0x00, 0x0F, 0x00, 0x00, 0x70, 0x00,
  0x00, 0x07, 0x00, 0x00, 0x78, 0x00, 0x0F, 0x00, 0x00, 0x00, 0x70, 0x00,
  0x03, 0xC0, 0x00, 0xE0, 0x00, 0x00, 0x03, 0x00, 0x00, 0x1E, 0x00, 0x1E,
  0x00, 0x00, 0x00, 0x10, 0x00, 0x00, 0xF0, 0x01, 0xC0, 0x00, 0x00, 0x00,
  0x00, 0x00, 0x07, 0x80, 0x3C, 0x00, 0x00, 0x00, 0x00, 0x00, 0x00, 0x3C,
  0x03, 0x80, 0x00, 0x00, 0x00, 0x00, 0x00, 0x01, 0xE0, 0x78, 0x00, 0x00,
  0x00, 0x00, 0x00, 0x00, 0x0F, 0x07, 0x00, 0x00, 0x00, 0x00, 0x00, 0x00,
  0x00, 0x78, 0x70, 0x00, 0x00, 0x00, 0x00, 0x00, 0x00, 0x03, 0xCE, 0x00,
  0x00, 0x00, 0x00, 0x00, 0x00, 0x00, 0x1E, 0xE0, 0x00, 0x00, 0x00, 0x00,
  0x00, 0x00, 0x00, 0xFC, 0x00, 0x00, 0x00, 0x00, 0x00, 0x00, 0x00, 0x07,
  0xC0, 0x00, 0x00, 0x00, 0x00, 0x00, 0x00, 0x00, 0x3E, 0x00, 0x00, 0x00,
  0x00, 0x00, 0x00, 0x00, 0x03, 0xF0, 0x00, 0x00, 0x00, 0x00, 0x00, 0x00,
  0x00, 0x3F, 0x80, 0x00, 0x00, 0x00, 0x00, 0x00, 0x00, 0x03, 0xB8, 0x00,
  0x00, 0x00, 0x00, 0x00, 0x00, 0x00, 0x73, 0xC0, 0x00, 0x00, 0x00, 0x00,
  0x00, 0x00, 0x07, 0x1E, 0x00, 0x00, 0x00, 0x00, 0x00, 0x00, 0x00, 0x70,
  0xF0, 0x00, 0x00, 0x00, 0x00, 0x00, 0x00, 0x0E, 0x07, 0x80, 0x00, 0x00,
  0x00, 0x00, 0x00, 0x00, 0xE0, 0x3C, 0x00, 0x00, 0x00, 0x00, 0x00, 0x00,
  0x0E, 0x01, 0xE0, 0x00, 0x00, 0x00, 0x00, 0x00, 0x00, 0xE0, 0x0F, 0x00,
  0x00, 0x00, 0x00, 0x00, 0x00, 0x0C, 0x00, 0x78, 0x00, 0x00, 0x00, 0x00,
  0x00, 0x00, 0xC0, 0x03, 0xE0, 0x00, 0x40, 0x00, 0x00, 0x00, 0x1C, 0x00,
  0x1F, 0x00, 0x02, 0x00, 0x00, 0x00, 0x01, 0xC0, 0x00, 0xF8, 0x00, 0x10,
  0x00, 0x00, 0x00, 0x1C, 0x00, 0x07, 0xC0, 0x01, 0x00, 0x00, 0x00, 0x01,
  0xC0, 0x00, 0x3E, 0x00, 0x08, 0x00, 0x00, 0x00, 0x1C, 0x00, 0x01, 0xF0,
  0x00, 0x80, 0x00, 0x00, 0x01, 0xC0, 0x00, 0x0F, 0x80, 0x04, 0x00, 0x00,
  0x00, 0x1C, 0x00, 0x00, 0x7C, 0x00, 0x40, 0x00, 0x00, 0x01, 0xC0, 0x00,
  0x01, 0xF0, 0x06, 0x00, 0x00, 0x00, 0x1C, 0x00, 0x00, 0x0F, 0x80, 0x60,
  0x00, 0x00, 0x01, 0xC0, 0x00, 0x00, 0x7E, 0x06, 0x00, 0x00, 0x00, 0x1C,
  0x00, 0x00, 0x03, 0xF8, 0x60, 0x00, 0x00, 0x01, 0xC0, 0x00, 0x00, 0x0F,
  0xFE, 0x00, 0x00, 0x00, 0x0C, 0x00, 0x00, 0x00, 0x7F, 0xE0, 0x00, 0x00,
  0x00, 0xE0, 0x00, 0x00, 0x01, 0xFE, 0x00, 0x00, 0x00, 0x0E, 0x00, 0x00,
  0x00, 0x07, 0xC0, 0x00, 0x00, 0x00, 0xE0, 0x00, 0x00, 0x00, 0x00, 0x00,
  0x00, 0x00, 0x0E, 0x00, 0x00, 0x00, 0x00, 0x00, 0x00, 0x00, 0x00, 0x70,
  0x00, 0x00, 0x00, 0x00, 0x00, 0x00, 0x00, 0x07, 0x00, 0x00, 0x00, 0x00,
  0x00, 0x00, 0x00, 0x00, 0x70, 0x00, 0x00, 0x00, 0x00, 0x00, 0x00, 0x00,
  0x03, 0x80, 0x00, 0x00, 0x00, 0x00, 0x00, 0x00, 0x00, 0x38, 0x00, 0x00,
  0x00, 0x00, 0x00, 0x00, 0x00, 0x00, 0x00, 0x00, 0x00, 0x1F, 0xE0, 0x00,
  0x00, 0x00, 0x00, 0x00, 0x0F, 0x81, 0xC0, 0x00, 0x00, 0x00, 0x00, 0x01,
  0xE0, 0x01, 0x80, 0x00, 0x00, 0x00, 0x00, 0x38, 0x00, 0x06, 0x00, 0x00,
  0x00, 0x00, 0x07, 0x00, 0x00, 0x38, 0x00, 0x00, 0x00, 0x00, 0xF0, 0x00,
  0x00, 0xC0, 0x00, 0x00, 0x00, 0x0E, 0x00, 0x00, 0x07, 0x00, 0x00, 0x00,
  0x01, 0xE0, 0x00, 0x00, 0x38, 0x00, 0x00, 0x00, 0x1E, 0x00, 0x00, 0x01,
  0xC0, 0x00, 0x00, 0x01, 0xE0, 0x00, 0x00, 0x0E, 0x00, 0x00, 0x00, 0x1E,
  0x00, 0x00, 0x00, 0x70, 0x00, 0x00, 0x01, 0xE0, 0x00, 0x00, 0x07, 0x80,
  0x00, 0x00, 0x1E, 0x00, 0x00, 0x00, 0x3C, 0x00, 0x00, 0x01, 0xE0, 0x00,
  0x00, 0x01, 0xE0, 0x00, 0x00, 0x1E, 0x00, 0x00, 0x00, 0x0F, 0x00, 0x00,
  0x00, 0xE0, 0x00, 0x00, 0x00, 0xF0, 0x00, 0x00, 0x0F, 0x00, 0x00, 0x00,
  0x07, 0x80, 0x00, 0x00, 0xF0, 0x00, 0x00, 0x00, 0x3C, 0x00, 0x00, 0x07,
  0x00, 0x00, 0x00, 0x03, 0xC0, 0x00, 0x00, 0x78, 0x00, 0x00, 0x00, 0x1E,
  0x00, 0x00, 0x03, 0x80, 0x01, 0xF0, 0x01, 0xE0, 0x00, 0x00, 0x3C, 0x00,
  0x10, 0xC0, 0x0F, 0x00, 0x06, 0x01, 0xE0, 0x00, 0x03, 0x00, 0xF0, 0x00,
  0x70, 0x0E, 0x00, 0x00, 0x18, 0x07, 0x80, 0x03, 0x80, 0x70, 0x00, 0x00,
  0xC0, 0x78, 0x00, 0x3C, 0x07, 0x80, 0x00, 0x06, 0x07, 0xC0, 0x01, 0xE0,
  0x3C, 0x00, 0x00, 0x30, 0x3C, 0x00, 0x0F, 0x01, 0xC0, 0x00, 0x01, 0x83,
  0xE0, 0x00, 0xF8, 0x0E, 0x00, 0x00, 0x18, 0x1E, 0x00, 0x07, 0x80, 0x70,
  0x00, 0x00, 0xC1, 0xF0, 0x00, 0x3C, 0x03, 0x80, 0x00, 0x06, 0x0F, 0x00,
  0x03, 0xE0, 0x1C, 0x00, 0x00, 0x60, 0xF8, 0x00, 0x1F, 0x00, 0x60, 0x00,
  0x02, 0x07, 0x80, 0x01, 0xF0, 0x03, 0x80, 0x00, 0x20, 0x7C, 0x00, 0x0F,
  0x80, 0x0C, 0x00, 0x03, 0x03, 0xC0, 0x00, 0xDC, 0x00, 0x70, 0x00, 0x30,
  0x3E, 0x00, 0x07, 0xE0, 0x01, 0x80, 0x02, 0x01, 0xE0, 0x00, 0x6E, 0x00,
  0x07, 0x00, 0x20, 0x1F, 0x00, 0x03, 0x70, 0x00, 0x1C, 0x0E, 0x00, 0xF0,
  0x00, 0x33, 0x80, 0x00, 0x3F, 0x80, 0x07, 0x80, 0x01, 0xB8, 0x00, 0x00,
  0x00, 0x00, 0x7C, 0x00, 0x19, 0xC0, 0x00, 0x00, 0x00, 0x03, 0xC0, 0x01,
  0x8E, 0x00, 0x00, 0x00, 0x00, 0x1E, 0x00, 0x08, 0xE0, 0x00, 0x00, 0x00,
  0x00, 0xF0, 0x00, 0xC7, 0x00, 0x00, 0x00, 0x00, 0x07, 0x80, 0x0C, 0x38,
  0x00, 0x00, 0x00, 0x00, 0x3C, 0x00, 0xC1, 0x80, 0x00, 0x00, 0x00, 0x01,
  0xE0, 0x0C, 0x1C, 0x00, 0x00, 0x00, 0x00, 0x07, 0x00, 0xC0, 0xC0, 0x00,
  0x00, 0x00, 0x00, 0x1C, 0x18, 0x06, 0x00, 0x00, 0x00, 0x00, 0x00, 0x7F,
  0x00, 0x70, 0x00, 0x40, 0x00, 0x00, 0x00, 0x00, 0x03, 0x00, 0x02, 0x00,
  0x00, 0x00, 0x00, 0x00, 0x38, 0x00, 0x10, 0x00, 0x00, 0x00, 0x00, 0x01,
  0x80, 0x01, 0x00, 0x00, 0x00, 0x00, 0x00, 0x1C, 0x00, 0x38, 0x00, 0x00,
  0x00, 0x00, 0x00, 0xC0, 0x0F, 0x80, 0x00, 0x00, 0x00, 0x1F, 0xFF, 0xFF,
  0xF0, 0x00, 0x00, 0x00, 0xFF, 0x80, 0xE0, 0x00, 0x00, 0x00, 0x00, 0x3F,
  0x00, 0x06, 0x00, 0x00, 0x00, 0x00, 0x0F, 0xC0, 0x00, 0x70, 0x00, 0x00,
  0x00, 0x01, 0xF0, 0x00, 0x07, 0x00, 0x00, 0x00, 0x00, 0x3F, 0x00, 0x00,
  0x70, 0x00, 0x00, 0x00, 0x03, 0xE0, 0x00, 0x03, 0x00, 0x00, 0x00, 0x00,
  0x3E, 0x00, 0x00, 0x70, 0x00, 0x00, 0x00, 0x03, 0xC0, 0x00, 0x06, 0x00,
  0x00, 0x00, 0x00, 0x1E, 0x00, 0x00, 0x60, 0x00, 0x00, 0x00, 0x00, 0xE0,
  0x00, 0x0E, 0x00, 0x00, 0x00, 0x00, 0x07, 0x00, 0x01, 0xC0, 0x00, 0x00,
  0x00, 0x00, 0x18, 0x00, 0x38, 0x00, 0x00, 0x00, 0x00, 0x00, 0x70, 0x0F,
  0x00, 0x00, 0x00, 0x00, 0x00, 0x00, 0xFF, 0xC0, 0x00, 0x00, 0x00, 0x00,
  0x00, 0x00, 0x01, 0xFF, 0x80, 0x00, 0x07, 0x80, 0x00, 0x01, 0xFF, 0xFF,
  0x00, 0x03, 0x18, 0x00, 0x00, 0xFF, 0xFF, 0xFE, 0x01, 0xC1, 0x80, 0x00,
  0x3F, 0x80, 0x03, 0xF8, 0x60, 0x20, 0x00, 0x0F, 0x80, 0x00, 0x03, 0xF8,
  0x04, 0x00, 0x03, 0xC0, 0x00, 0x00, 0x07, 0x81, 0x80, 0x00, 0xF0, 0x00,
  0x00, 0x01, 0xDF, 0xC0, 0x00, 0x1C, 0x00, 0x00, 0x00, 0xF0, 0x00, 0x00,
  0x03, 0x00, 0x00, 0x00, 0x3C, 0x00, 0x00, 0x00, 0x60, 0x00, 0x00, 0x0F,
  0x00, 0x00, 0x00, 0x0C, 0x00, 0x00, 0x03, 0xC0, 0x00, 0x00, 0x01, 0x80,
  0x00, 0x00, 0xF0, 0x00, 0x00, 0x00, 0x18, 0x00, 0x00, 0x3C, 0x00, 0x00,
  0x00, 0x01, 0x80, 0x00, 0x0F, 0x00, 0x00, 0x00, 0x00, 0x18, 0x00, 0x03,
  0xE0, 0x00, 0x00, 0x00, 0x00, 0x00, 0x00, 0xF8, 0x00, 0x00, 0x00, 0x00,
  0x00, 0x00, 0x3E, 0x00, 0x00, 0x00, 0x00, 0x00, 0x00, 0x07, 0x80, 0x00,
  0x00, 0x00, 0x00, 0x00, 0x01, 0xF0, 0x00, 0x00, 0x00, 0x00, 0x00, 0x00,
  0x7C, 0x00, 0x00, 0x00, 0x00, 0x00, 0x00, 0x1F, 0x00, 0x00, 0x00, 0x00,
  0x00, 0x00, 0x07, 0xC0, 0x00, 0x00, 0x00, 0x00, 0x00, 0x01, 0xF8, 0x00,
  0x00, 0x00, 0x00, 0x00, 0x00, 0x3E, 0x00, 0x00, 0x00, 0x00, 0x00, 0x00,
  0x0F, 0x80, 0x00, 0x00, 0x00, 0x00, 0x00, 0x03, 0xE0, 0x00, 0x00, 0x00,
  0x00, 0x00, 0x00, 0xF8, 0x00, 0x00, 0x00, 0x00, 0x00, 0x00, 0x3F, 0x00,
  0x00, 0x00, 0x00, 0x00, 0x00, 0x07, 0xC0, 0x00, 0x00, 0x00, 0x00, 0x00,
  0x01, 0xF0, 0x00, 0x00, 0x00, 0x00, 0x00, 0x00, 0x7C, 0x00, 0x00, 0x00,
  0x00, 0x00, 0x00, 0x1F, 0x00, 0x00, 0x00, 0x00, 0x00, 0x00, 0x03, 0xC0,
  0x00, 0x00, 0x00, 0x00, 0x00, 0x00, 0xF0, 0x00, 0x00, 0x00, 0x00, 0x00,
  0x00, 0x3C, 0x00, 0x00, 0x00, 0x00, 0x0F, 0x80, 0x0F, 0x00, 0x00, 0x00,
  0x00, 0x07, 0xFC, 0x03, 0x80, 0x00, 0x00, 0x00, 0x01, 0xE0, 0xE0, 0xE0,
  0x00, 0x00, 0x00, 0x00, 0x38, 0x07, 0x38, 0x00, 0x00, 0x00, 0x00, 0x06,
  0x00, 0x3E, 0x00, 0x00, 0x00, 0x00, 0x00, 0xC0, 0x03, 0x80, 0x00, 0x00,
  0x00, 0x00, 0x1C, 0x01, 0xDC, 0x00, 0x00, 0x00, 0x00, 0x03, 0xC0, 0xF1,
  0xC0, 0x00, 0x00, 0x00, 0x00, 0x3F, 0xF8, 0x0E, 0x00, 0x00, 0x00, 0x00,
  0x01, 0xF8, 0x00, 0xE0, 0x00, 0x00, 0x00, 0x40, 0x00, 0x00, 0x0F, 0x00,
  0x00, 0x00, 0x08, 0x00, 0x00, 0x00, 0xF8, 0x00, 0x00, 0x01, 0x00, 0x00,
  0x00, 0x07, 0x80, 0x00, 0x00, 0x60, 0x00, 0x00, 0x00, 0x7C, 0x00, 0x00,
  0x0C, 0x00, 0x00, 0x00, 0x03, 0xE0, 0x00, 0x03, 0x00, 0x00, 0x00, 0x00,
  0x3F, 0x80, 0x01, 0xE0, 0x00, 0x00, 0x00, 0x01, 0xFE, 0x01, 0xF8, 0x00,
  0x00, 0x00, 0x00, 0x0F, 0xFF, 0xFE, 0x00, 0x00, 0x00, 0x00, 0x00, 0x7F,
  0xFF, 0x00, 0x00, 0x00, 0x00, 0x00, 0x01, 0xFF, 0x00, 0x00, 0x00, 0x01,
  0xF0, 0x00, 0xF0, 0x00, 0x3C, 0x00, 0x03, 0x00, 0x00, 0x70, 0x00, 0x07,
  0x00, 0x00, 0xE0, 0x00, 0x0E, 0x00, 0x01, 0xE0, 0x00, 0x1C, 0x00, 0x01,
  0xC0, 0x00, 0x1C, 0x00, 0x01, 0x80, 0x00, 0x38, 0x00, 0x03, 0x80, 0x00,
  0x38, 0x00, 0x03, 0x00, 0x00, 0x30, 0x00, 0x07, 0x00, 0x00, 0x70, 0x00,
  0x07, 0x00, 0x00, 0x60, 0x00, 0x06, 0x00, 0x00, 0xE0, 0x00, 0x0E, 0x00,
  0x00, 0xC0, 0x00, 0x0C, 0x00, 0x00, 0xC0, 0x00, 0x1C, 0x00, 0x01, 0xC0,
  0x00, 0x18, 0x00, 0x01, 0x80, 0x00, 0x18, 0x00, 0x03, 0x80, 0x00, 0x38,
  0x00, 0x03, 0x00, 0x00, 0x70, 0x00, 0x07, 0x00, 0x00, 0x70, 0x00, 0x07,
  0x00, 0x00, 0xE0, 0x00, 0x0E, 0x00, 0x00, 0xE0, 0x00, 0x0E, 0x00, 0x00,
  0x60, 0x00, 0x07, 0x00, 0x00, 0x38, 0x00, 0x00, 0xF8, 0x00, 0xC0, 0x00,
  0x00, 0x00, 0x00, 0xE0, 0x00, 0x00, 0x00, 0x00, 0x70, 0x00, 0x00, 0x00,
  0x00, 0x38, 0x00, 0x00, 0x00, 0x00, 0x3C, 0x00, 0x00, 0x00, 0x00, 0x1C,
  0x00, 0x00, 0x00, 0x00, 0x0E, 0x00, 0x00, 0x00, 0x00, 0x07, 0x00, 0x00,
  0x00, 0x00, 0x03, 0x80, 0x00, 0x00, 0x00, 0x03, 0x80, 0x00, 0x00, 0x00,
  0x01, 0xC0, 0x00, 0x00, 0x00, 0x00, 0xE0, 0x00, 0x00, 0x00, 0x00, 0x70,
  0x00, 0x00, 0x00, 0x00, 0x70, 0x00, 0x00, 0x00, 0x00, 0x38, 0x00, 0x00,
  0x00, 0x00, 0x1C, 0x00, 0x00, 0x00, 0x00, 0x0E, 0x00, 0x00, 0x00, 0x00,
  0x07, 0x00, 0x00, 0x00, 0x00, 0x07, 0x00, 0x00, 0x00, 0x00, 0x03, 0x80,
  0x00, 0x00, 0x00, 0x01, 0xC0, 0x00, 0x00, 0x00, 0x00, 0xE0, 0x00, 0x00,
  0x00, 0x00, 0x60, 0x00, 0x00, 0x00, 0x00, 0x70, 0x00, 0x00, 0x00, 0x00,
  0x38, 0x00, 0x00, 0x00, 0x00, 0x1C, 0x00, 0x00, 0x00, 0x00, 0x0E, 0x00,
  0x00, 0x00, 0x00, 0x06, 0x00, 0x00, 0x00, 0x00, 0x07, 0x00, 0x00, 0x00,
  0x00, 0x03, 0x80, 0x00, 0x00, 0x00, 0x01, 0xC0, 0x00, 0x00, 0x00, 0x00,
  0xE0, 0x00, 0x00, 0x00, 0x00, 0x60, 0x00, 0x00, 0x00, 0x00, 0x30, 0x00,
  0x00, 0x00, 0x00, 0x38, 0x00, 0x00, 0x00, 0x00, 0x1C, 0x00, 0x00, 0x00,
  0x00, 0x0E, 0x00, 0x00, 0x00, 0x00, 0x07, 0x00, 0x00, 0x00, 0x00, 0x03,
  0x00, 0x00, 0x00, 0x00, 0x01, 0x80, 0x00, 0x00, 0x00, 0x00, 0xC0, 0x00,
  0x00, 0x00, 0x00, 0xE0, 0x00, 0x00, 0x00, 0x00, 0x70, 0x00, 0x00, 0x00,
  0x00, 0x38, 0x00, 0x00, 0x00, 0x00, 0x1C, 0x00, 0x00, 0x00, 0x00, 0x0E,
  0x00, 0x00, 0x00, 0x00, 0x07, 0x00, 0x00, 0x00, 0x00, 0x01, 0x00, 0x3F,
  0x00, 0x00, 0x78, 0x00, 0x03, 0x80, 0x00, 0x70, 0x00, 0x06, 0x00, 0x00,
  0xC0, 0x00, 0x38, 0x00, 0x07, 0x00, 0x00, 0xE0, 0x00, 0x1C, 0x00, 0x03,
  0x80, 0x00, 0x60, 0x00, 0x1C, 0x00, 0x03, 0x80, 0x00, 0x60, 0x00, 0x0C,
  0x00, 0x01, 0x80, 0x00, 0x70, 0x00, 0x0E, 0x00, 0x01, 0x80, 0x00, 0x30,
  0x00, 0x06, 0x00, 0x01, 0xC0, 0x00, 0x38, 0x00, 0x06, 0x00, 0x00, 0xC0,
  0x00, 0x38, 0x00, 0x07, 0x00, 0x00, 0xE0, 0x00, 0x18, 0x00, 0x03, 0x00,
  0x00, 0xE0, 0x00, 0x1C, 0x00, 0x03, 0x80, 0x00, 0x60, 0x00, 0x1C, 0x00,
  0x03, 0x80, 0x00, 0x70, 0x00, 0x0E, 0x00, 0x03, 0x80, 0x00, 0x70, 0x00,
  0x0E, 0x00, 0x03, 0x80, 0x00, 0x70, 0x00, 0x1C, 0x00, 0x07, 0x00, 0x01,
  0xC0, 0x07, 0xE0, 0x00, 0x00, 0x80, 0x0C, 0x00, 0xF0, 0x0D, 0x80, 0x4C,
  0x04, 0x30, 0x41, 0x82, 0x06, 0x20, 0x32, 0x00, 0xA0, 0x03, 0x00, 0x10,
  0xFF, 0xFF, 0xFF, 0xFF, 0xFF, 0xEF, 0xFF, 0xFF, 0xFF, 0xFF, 0xFF, 0xC3,
  0x0E, 0x18, 0x30, 0x41, 0x83, 0x00, 0x00, 0x3E, 0x00, 0x03, 0xC6, 0x00,
  0x3E, 0x0C, 0x01, 0xE0, 0x00, 0x0F, 0x01, 0x00, 0x7C, 0x0F, 0x01, 0xE0,
  0x78, 0x0F, 0x01, 0xC0, 0x38, 0x0F, 0x01, 0xE0, 0x78, 0x07, 0x01, 0xE0,
  0xFC, 0x0F, 0x02, 0xE0, 0x3C, 0x13, 0x81, 0xE0, 0x4E, 0x07, 0x82, 0x30,
  0x2E, 0x08, 0xC1, 0x38, 0x43, 0x08, 0xE2, 0x0E, 0x43, 0x98, 0x1E, 0x07,
  0x80, 0x00, 0x01, 0xE0, 0x00, 0x78, 0x00, 0x1E, 0x00, 0x03, 0xC0, 0x00,
  0xF0, 0x00, 0x3C, 0x00, 0x07, 0x80, 0x01, 0xE0, 0x00, 0x78, 0x00, 0x0F,
  0x00, 0x03, 0xC0, 0x00, 0x70, 0x00, 0x1E, 0x00, 0x07, 0x80, 0x00, 0xF0,
  0x00, 0x3D, 0xE0, 0x07, 0x86, 0x01, 0xE0, 0xE0, 0x3C, 0x1C, 0x0F, 0x03,
  0x81, 0xE0, 0x78, 0x78, 0x0E, 0x0F, 0x01, 0xC3, 0xC0, 0x38, 0x78, 0x0F,
  0x0E, 0x01, 0xC1, 0xC0, 0x78, 0x38, 0x0E, 0x07, 0x03, 0xC1, 0xC0, 0x70,
  0x38, 0x1C, 0x03, 0x07, 0x00, 0x61, 0xC0, 0x0E, 0x70, 0x00, 0xF8, 0x00,
  0x00, 0x00, 0x7C, 0x01, 0xC6, 0x07, 0x86, 0x07, 0x06, 0x0E, 0x06, 0x1C,
  0x0C, 0x3C, 0x18, 0x38, 0x00, 0x78, 0x00, 0x70, 0x01, 0x70, 0x01, 0xF0,
  0x01, 0xE0, 0x02, 0xE0, 0x02, 0xE0, 0x04, 0xE0, 0x08, 0xE0, 0x18, 0x70,
  0x30, 0x38, 0x60, 0x1F, 0x80, 0x00, 0x00, 0x00, 0x48, 0x00, 0x00, 0x07,
  0x80, 0x00, 0x00, 0x7C, 0x00, 0x00, 0x03, 0xC0, 0x00, 0x00, 0x3C, 0x00,
  0x00, 0x01, 0xE0, 0x00, 0x00, 0x1E, 0x00, 0x00, 0x00, 0xF0, 0x00, 0x00,
  0x0F, 0x00, 0x00, 0x00, 0x70, 0x00, 0x00, 0x07, 0x80, 0x00, 0x00, 0x38,
  0x00, 0x00, 0x03, 0xC0, 0x00, 0x00, 0x1C, 0x00, 0x00, 0x01, 0xE0, 0x00,
  0x00, 0x0E, 0x00, 0x00, 0x3E, 0xF0, 0x00, 0x07, 0x8F, 0x00, 0x00, 0xF0,
  0x78, 0x00, 0x0F, 0x03, 0x80, 0x00, 0xF0, 0x3C, 0x00, 0x0F, 0x01, 0xC0,
  0x00, 0x78, 0x1E, 0x00, 0x07, 0x80, 0xE0, 0x00, 0x38, 0x0F, 0x00, 0x03,
  0xC0, 0xF0, 0x20, 0x1C, 0x07, 0x81, 0x01, 0xE0, 0x7C, 0x08, 0x0E, 0x03,
  0xC0, 0x80, 0x70, 0x3E, 0x04, 0x03, 0x83, 0xF0, 0x40, 0x18, 0x17, 0x04,
  0x00, 0xC1, 0xB8, 0x20, 0x07, 0x19, 0xC2, 0x00, 0x3F, 0x86, 0x20, 0x00,
  0xF8, 0x1E, 0x00, 0x00, 0x00, 0x78, 0x01, 0xE4, 0x03, 0xC6, 0x07, 0x84,
  0x0F, 0x0C, 0x1E, 0x0C, 0x1C, 0x18, 0x3C, 0x30, 0x78, 0x60, 0x79, 0x81,
  0x7E, 0x01, 0xF0, 0x02, 0xE0, 0x02, 0xE0, 0x04, 0xE0, 0x08, 0xE0, 0x08,
  0xE0, 0x10, 0x70, 0x60, 0x70, 0xC0, 0x1F, 0x00, 0x00, 0x00, 0x00, 0x80,
  0x00, 0x00, 0x7C, 0x00, 0x00, 0x1E, 0x00, 0x00, 0x07, 0xC0, 0x00, 0x00,
  0xF0, 0x00, 0x00, 0x3C, 0x00, 0x00, 0x07, 0x80, 0x00, 0x01, 0xE0, 0x00,
  0x00, 0x3C, 0x00, 0x00, 0x0F, 0x00, 0x00, 0x01, 0xC0, 0x00, 0x00, 0x78,
  0x00, 0x00, 0x0E, 0x00, 0x00, 0x03, 0xC0, 0x00, 0x00, 0x70, 0x00, 0x00,
  0x1E, 0x00, 0x00, 0x03, 0x80, 0x00, 0x00, 0xF0, 0x00, 0x00, 0x1C, 0x00,
  0x00, 0x03, 0x80, 0x00, 0x00, 0xE0, 0x00, 0x00, 0x1C, 0x00, 0x00, 0x07,
  0x00, 0x00, 0x00, 0xE0, 0x00, 0x00, 0x38, 0x00, 0x00, 0x07, 0x00, 0x80,
  0x01, 0xC0, 0x20, 0x00, 0x38, 0x04, 0x00, 0x06, 0x01, 0x00, 0x07, 0xC0,
  0x20, 0x00, 0xF8, 0x08, 0x00, 0x3F, 0x83, 0x00, 0x07, 0xD0, 0x40, 0x00,
  0x72, 0x10, 0x00, 0x0E, 0x6C, 0x00, 0x01, 0xBF, 0x00, 0x00, 0x70, 0x80,
  0x00, 0x0E, 0x10, 0x00, 0x03, 0x82, 0x00, 0x00, 0x70, 0xC0, 0x00, 0x0C,
  0x18, 0x00, 0x03, 0x82, 0x00, 0x00, 0x70, 0x40, 0x00, 0x1C, 0x08, 0x00,
  0x03, 0x83, 0x00, 0x00, 0x70, 0x60, 0x00, 0x1E, 0x08, 0x00, 0x03, 0x83,
  0x00, 0x00, 0x70, 0x40, 0x00, 0x0E, 0x18, 0x00, 0x01, 0xC2, 0x00, 0x00,
  0x70, 0xC0, 0x00, 0x0E, 0x30, 0x00, 0x00, 0xEC, 0x00, 0x00, 0x1F, 0x00,
  0x00, 0x00, 0x00, 0x00, 0x3E, 0x00, 0x00, 0x00, 0xF1, 0x80, 0x00, 0x03,
  0xE0, 0xC0, 0x00, 0x07, 0xC0, 0x40, 0x00, 0x0F, 0x00, 0x00, 0x00, 0x1F,
  0x01, 0x80, 0x00, 0x1E, 0x07, 0x80, 0x00, 0x3C, 0x07, 0x80, 0x00, 0x3C,
  0x07, 0x80, 0x00, 0x78, 0x0F, 0x81, 0x00, 0x70, 0x0F, 0x82, 0x00, 0xF0,
  0x13, 0x82, 0x00, 0xE0, 0x17, 0x82, 0x00, 0xE0, 0x27, 0x84, 0x00, 0xE0,
  0x67, 0x88, 0x00, 0xC0, 0x47, 0x88, 0x00, 0xC0, 0x87, 0x10, 0x00, 0xC1,
  0x07, 0x30, 0x00, 0x62, 0x07, 0x60, 0x00, 0x3C, 0x0F, 0xC0, 0x00, 0x00,
  0x0F, 0x00, 0x00, 0x00, 0x1E, 0x00, 0x00, 0x00, 0xFE, 0x00, 0x00, 0x07,
  0x9C, 0x00, 0x00, 0x3C, 0x1C, 0x00, 0x00, 0xE0, 0x38, 0x00, 0x03, 0x80,
  0x78, 0x00, 0x0E, 0x00, 0x70, 0x00, 0x1C, 0x00, 0xE0, 0x00, 0x30, 0x01,
  0xE0, 0x00, 0x60, 0x03, 0xC0, 0x00, 0x60, 0x03, 0x80, 0x00, 0xC0, 0x07,
  0x00, 0x00, 0xC0, 0x0E, 0x00, 0x00, 0xC0, 0x3C, 0x00, 0x00, 0xC0, 0x78,
  0x00, 0x00, 0x41, 0xE0, 0x00, 0x00, 0x3F, 0x80, 0x00, 0x00, 0x00, 0x00,
  0x78, 0x00, 0x00, 0xF0, 0x00, 0x00, 0xF0, 0x00, 0x01, 0xE0, 0x00, 0x01,
  0xC0, 0x00, 0x03, 0xC0, 0x00, 0x03, 0x80, 0x00, 0x07, 0x80, 0x00, 0x0F,
  0x00, 0x00, 0x0F, 0x00, 0x00, 0x1E, 0x00, 0x00, 0x1E, 0x00, 0x00, 0x3C,
  0x00, 0x00, 0x38, 0x00, 0x00, 0x78, 0x00, 0x00, 0x70, 0x04, 0x00, 0xF0,
  0x38, 0x00, 0xE0, 0xF8, 0x01, 0xE1, 0xF0, 0x01, 0xC7, 0xF0, 0x01, 0xC8,
  0xE0, 0x03, 0x90, 0xE0, 0x03, 0xA1, 0xC0, 0x07, 0x43, 0xC1, 0x07, 0x83,
  0x81, 0x0F, 0x87, 0x81, 0x0F, 0x07, 0x02, 0x1E, 0x0F, 0x02, 0x1C, 0x0F,
  0x04, 0x3C, 0x0E, 0x08, 0x38, 0x0E, 0x08, 0x78, 0x0E, 0x10, 0x70, 0x0E,
  0x60, 0xF0, 0x03, 0x80, 0x00, 0xE0, 0x0F, 0x00, 0x78, 0x03, 0x80, 0x00,
  0x00, 0x00, 0x00, 0x00, 0x40, 0x0F, 0x80, 0x38, 0x03, 0xC0, 0x1C, 0x01,
  0xE0, 0x0E, 0x00, 0x70, 0x07, 0x80, 0x38, 0x09, 0xC0, 0x9C, 0x04, 0xE0,
  0x4F, 0x02, 0x70, 0x23, 0x81, 0x1C, 0x10, 0xE1, 0x03, 0x10, 0x0F, 0x00,
  0x00, 0x00, 0x00, 0x01, 0xC0, 0x00, 0x00, 0x00, 0x3C, 0x00, 0x00, 0x00,
  0x03, 0xC0, 0x00, 0x00, 0x00, 0x18, 0x00, 0x00, 0x00, 0x00, 0x00, 0x00,
  0x00, 0x00, 0x00, 0x00, 0x00, 0x00, 0x00, 0x00, 0x00, 0x00, 0x00, 0x00,
  0x00, 0x00, 0x00, 0x1F, 0x00, 0x00, 0x00, 0x00, 0xF0, 0x00, 0x00, 0x00,
  0x0E, 0x00, 0x00, 0x00, 0x01, 0xE0, 0x00, 0x00, 0x00, 0x1C, 0x00, 0x00,
  0x00, 0x01, 0xC0, 0x00, 0x00, 0x00, 0x3C, 0x00, 0x00, 0x00, 0x03, 0x80,
  0x00, 0x00, 0x00, 0x78, 0x00, 0x00, 0x00, 0x03, 0x01, 0x00, 0x00, 0x00,
  0x70, 0x20, 0x00, 0x00, 0x07, 0x02, 0x00, 0x00, 0x00, 0xE0, 0x40, 0x00,
  0x00, 0x0E, 0x08, 0x00, 0x00, 0x01, 0xC0, 0x80, 0x00, 0x00, 0x1C, 0x10,
  0x00, 0x00, 0x03, 0x82, 0x00, 0x00, 0x00, 0x38, 0x40, 0x00, 0x00, 0x07,
  0x88, 0x00, 0x00, 0x00, 0x73, 0x00, 0x00, 0x00, 0x0F, 0xC0, 0x00, 0x00,
  0x00, 0xF0, 0x00, 0x00, 0x00, 0xFC, 0x00, 0x00, 0x00, 0xFF, 0xC0, 0x00,
  0x00, 0x7E, 0x38, 0x00, 0x00, 0x3E, 0x07, 0x80, 0x00, 0x0F, 0x00, 0x70,
  0x00, 0x01, 0xC0, 0x0E, 0x00, 0x00, 0x38, 0x01, 0xE0, 0x00, 0x06, 0x00,
  0x3C, 0x00, 0x00, 0x60, 0x07, 0x80, 0x00, 0x0C, 0x00, 0xF0, 0x00, 0x00,
  0xC0, 0x1E, 0x00, 0x00, 0x0C, 0x03, 0xC0, 0x00, 0x00, 0xC0, 0x78, 0x00,
  0x00, 0x04, 0x1E, 0x00, 0x00, 0x00, 0x3F, 0x80, 0x00, 0x00, 0x00, 0x00,
  0x01, 0xE0, 0x00, 0x03, 0xC0, 0x00, 0x03, 0x80, 0x00, 0x07, 0x80, 0x00,
  0x0F, 0x00, 0x00, 0x0E, 0x00, 0x00, 0x1E, 0x00, 0x00, 0x1C, 0x00, 0x00,
  0x3C, 0x00, 0x00, 0x38, 0x00, 0x00, 0x70, 0x00, 0x00, 0x70, 0x00, 0x00,
  0xE0, 0x00, 0x00, 0xE0, 0x00, 0x01, 0xC0, 0xF0, 0x01, 0xC3, 0xF8, 0x03,
  0x87, 0xF8, 0x03, 0x8F, 0xF8, 0x03, 0x1C, 0x70, 0x07, 0x30, 0x70, 0x07,
  0x40, 0x60, 0x0E, 0x80, 0xC0, 0x0F, 0x03, 0x00, 0x1E, 0x1C, 0x00, 0x0C,
  0x30, 0x01, 0x1C, 0x70, 0x02, 0x18, 0x70, 0x02, 0x38, 0xF0, 0x04, 0x38,
  0xF0, 0x0C, 0x70, 0xF0, 0x08, 0x70, 0x70, 0x10, 0x70, 0x78, 0x30, 0xF0,
  0x7C, 0xE0, 0xF0, 0x3F, 0xC0, 0x00, 0x0E, 0x00, 0x00, 0x07, 0x00, 0x07,
  0xC0, 0x07, 0x20, 0x07, 0x90, 0x07, 0x98, 0x03, 0x88, 0x03, 0xC4, 0x01,
  0xC4, 0x01, 0xE2, 0x00, 0xE3, 0x00, 0xF1, 0x00, 0x71, 0x80, 0x78, 0x80,
  0x38, 0x80, 0x1C, 0xC0, 0x1C, 0x40, 0x0E, 0x60, 0x0E, 0x60, 0x07, 0x20,
  0x03, 0xB0, 0x03, 0xB0, 0x01, 0xF0, 0x00, 0xF0, 0x00, 0xF0, 0x00, 0x70,
  0x04, 0x38, 0x04, 0x18, 0x02, 0x1C, 0x02, 0x0E, 0x01, 0x07, 0x01, 0x03,
  0x80, 0x81, 0xC0, 0x80, 0xE0, 0x80, 0x39, 0x80, 0x0F, 0x00, 0x00, 0x00,
  0x3C, 0x30, 0x06, 0x00, 0x1C, 0x3E, 0x07, 0x80, 0x0F, 0x1F, 0x87, 0xC0,
  0x07, 0x8F, 0xC3, 0xF0, 0x01, 0xC6, 0xF3, 0x78, 0x00, 0xF2, 0x39, 0x1E,
  0x00, 0x39, 0x1E, 0x87, 0x00, 0x1E, 0x87, 0x43, 0xC0, 0x07, 0x41, 0xE0,
  0xE0, 0x41, 0xE0, 0xE8, 0x78, 0x10, 0xF8, 0x3C, 0x1C, 0x08, 0x3C, 0x1E,
  0x0F, 0x02, 0x1E, 0x07, 0x03, 0x81, 0x07, 0x03, 0xC0, 0xE0, 0x43, 0xC0,
  0xE0, 0x38, 0x20, 0xE0, 0x78, 0x0E, 0x10, 0x78, 0x1C, 0x03, 0x88, 0x1C,
  0x03, 0x00, 0xE4, 0x0F, 0x00, 0x80, 0x1E, 0x00, 0x00, 0x3C, 0x1C, 0x00,
  0x38, 0x3C, 0x00, 0x3C, 0x3E, 0x00, 0x1C, 0x7E, 0x00, 0x1C, 0x7F, 0x00,
  0x0E, 0x47, 0x00, 0x0E, 0x43, 0x80, 0x07, 0x43, 0x80, 0x07, 0x43, 0xC0,
  0x83, 0xC1, 0xC0, 0x83, 0xE1, 0xE0, 0x41, 0xE0, 0xE0, 0x41, 0xE0, 0xF0,
  0x20, 0xF0, 0x78, 0x20, 0xF0, 0x38, 0x20, 0x70, 0x1C, 0x10, 0x78, 0x0E,
  0x10, 0x38, 0x07, 0x10, 0x3C, 0x00, 0xF0, 0x00, 0x00, 0xF8, 0x00, 0x0F,
  0xE0, 0x01, 0xF1, 0x00, 0x1E, 0x0C, 0x00, 0xF0, 0x20, 0x0F, 0x01, 0x00,
  0xF0, 0x08, 0x07, 0x83, 0xC0, 0x78, 0x1E, 0x03, 0xC1, 0xF0, 0x5C, 0x07,
  0x05, 0xE0, 0x38, 0x2F, 0x01, 0x82, 0x78, 0x0C, 0x23, 0x80, 0x5E, 0x1C,
  0x06, 0x00, 0xE0, 0x60, 0x03, 0x86, 0x00, 0x1C, 0x60, 0x00, 0x7C, 0x00,
  0x00, 0x00, 0x07, 0x03, 0xC0, 0x00, 0xF8, 0x4E, 0x00, 0x07, 0x88, 0x60,
  0x00, 0xF1, 0x07, 0x00, 0x0F, 0x20, 0x70, 0x00, 0xF2, 0x07, 0x00, 0x0F,
  0x40, 0xE0, 0x00, 0xF8, 0x0E, 0x00, 0x1E, 0x81, 0xE0, 0x00, 0xF0, 0x1E,
  0x00, 0x0F, 0x03, 0xC0, 0x01, 0xE0, 0x3C, 0x00, 0x1E, 0x07, 0x80, 0x03,
  0xC0, 0xF8, 0x00, 0x38, 0x0F, 0x00, 0x03, 0x81, 0xE0, 0x00, 0x70, 0x3C,
  0x00, 0x07, 0x07, 0x80, 0x00, 0xF1, 0xF0, 0x00, 0x0E, 0xFC, 0x00, 0x01,
  0xE0, 0x00, 0x00, 0x1C, 0x00, 0x00, 0x03, 0xC0, 0x00, 0x00, 0x38, 0x00,
  0x00, 0x07, 0x80, 0x00, 0x00, 0x78, 0x00, 0x00, 0x0F, 0x00, 0x00, 0x00,
  0xF0, 0x00, 0x00, 0x1E, 0x00, 0x00, 0x01, 0xE0, 0x00, 0x00, 0x3E, 0x00,
  0x00, 0x03, 0xC0, 0x00, 0x00, 0x7C, 0x00, 0x00, 0x07, 0x80, 0x00, 0x00,
  0xF0, 0x00, 0x00, 0x00, 0x00, 0x3E, 0x00, 0x3E, 0x60, 0x3E, 0x0C, 0x1F,
  0x01, 0x0F, 0x80, 0x03, 0xC0, 0x01, 0xE0, 0x3C, 0xF0, 0x0F, 0x3C, 0x07,
  0x9E, 0x03, 0xE7, 0x00, 0xF3, 0xC0, 0x7C, 0xE0, 0x3E, 0x38, 0x0B, 0x8E,
  0x05, 0xC3, 0x03, 0x70, 0xC0, 0xB8, 0x30, 0x4E, 0x06, 0x67, 0x00, 0xF1,
  0xC0, 0x00, 0xE0, 0x00, 0x38, 0x00, 0x1E, 0x00, 0x07, 0x00, 0x03, 0xC0,
  0x00, 0xE0, 0x00, 0x78, 0x00, 0x1E, 0x00, 0x07, 0x00, 0x03, 0xC0, 0x00,
  0xE0, 0x00, 0x78, 0x00, 0x1E, 0x00, 0x07, 0x00, 0x00, 0xC0, 0x00, 0x10,
  0x00, 0x04, 0x00, 0x1C, 0x00, 0x3C, 0x00, 0x78, 0x00, 0xE0, 0x03, 0xC0,
  0x07, 0x00, 0x0C, 0x00, 0x1F, 0xF0, 0x4F, 0xE0, 0x83, 0xC1, 0x07, 0x04,
  0x1E, 0x08, 0x38, 0x20, 0xF0, 0x41, 0xC1, 0x07, 0x82, 0x0E, 0x08, 0x3C,
  0x10, 0x78, 0x40, 0xE0, 0x83, 0xC2, 0x07, 0x84, 0x07, 0x10, 0x0E, 0x40,
  0x0F, 0x00, 0x00, 0x1E, 0x00, 0x03, 0x20, 0x00, 0x60, 0x00, 0x0E, 0x00,
  0x00, 0xE0, 0x00, 0x1E, 0x00, 0x01, 0x60, 0x00, 0x36, 0x00, 0x02, 0x60,
  0x00, 0x63, 0x00, 0x04, 0x30, 0x00, 0x83, 0x80, 0x08, 0x38, 0x11, 0x03,
  0xC2, 0x10, 0x3C, 0x27, 0x03, 0xC4, 0x78, 0x3C, 0x4F, 0x83, 0xC8, 0xE8,
  0x39, 0x8E, 0x87, 0x90, 0x64, 0xF2, 0x03, 0x3E, 0xC0, 0x1F, 0xF8, 0x00,
  0x00, 0x38, 0x03, 0x80, 0x38, 0x01, 0xC0, 0x1C, 0x00, 0xE0, 0x0E, 0x00,
  0x70, 0x07, 0x03, 0xFF, 0xC3, 0xC0, 0x1C, 0x00, 0xE0, 0x0E, 0x00, 0x70,
  0x07, 0x00, 0x38, 0x01, 0xC0, 0x1C, 0x00, 0xE0, 0x17, 0x00, 0xF0, 0x0B,
  0x80, 0x5C, 0x04, 0xE0, 0x27, 0x02, 0x38, 0x21, 0xC3, 0x06, 0x30, 0x3E,
  0x00, 0x00, 0xE0, 0x38, 0x0F, 0x03, 0xC0, 0x78, 0x0E, 0x01, 0xE0, 0x78,
  0x0F, 0x01, 0xC0, 0x3C, 0x0F, 0x01, 0xE0, 0x38, 0x07, 0x81, 0xE0, 0x3C,
  0x07, 0x00, 0x70, 0x3C, 0x03, 0x80, 0xE0, 0x4E, 0x07, 0x81, 0x78, 0x3C,
  0x05, 0xC0, 0xF0, 0x27, 0x05, 0xC1, 0xB8, 0x16, 0x04, 0xE0, 0x98, 0x23,
  0x84, 0x61, 0x87, 0x21, 0xCC, 0x0F, 0x03, 0xC0, 0x00, 0x07, 0x07, 0x81,
  0xE0, 0x78, 0x38, 0x0F, 0x0F, 0x01, 0xC1, 0xE0, 0x38, 0x38, 0x0F, 0x07,
  0x01, 0xE0, 0xE0, 0x3C, 0x18, 0x0F, 0x03, 0x00, 0xE0, 0x60, 0xBC, 0x08,
  0x27, 0x03, 0x04, 0xE0, 0x51, 0x1C, 0x1B, 0xC7, 0x02, 0x00, 0xE0, 0x80,
  0x1C, 0x30, 0x03, 0x8C, 0x00, 0x7F, 0x00, 0x07, 0x80, 0x00, 0x00, 0x00,
  0x00, 0x20, 0x03, 0x80, 0xE3, 0x80, 0x3C, 0x0F, 0x1E, 0x01, 0xE0, 0x78,
  0x70, 0x07, 0x81, 0xC1, 0xC0, 0x3C, 0x0F, 0x0F, 0x00, 0xF0, 0x38, 0x38,
  0x07, 0x81, 0xE0, 0xE0, 0x1E, 0x07, 0x03, 0x80, 0xF0, 0x3C, 0x0C, 0x03,
  0xC0, 0xE0, 0x30, 0x4E, 0x07, 0x80, 0xC1, 0x38, 0x1E, 0x02, 0x09, 0xE0,
  0xF0, 0x18, 0x27, 0x03, 0xC0, 0x51, 0x1C, 0x17, 0x03, 0x38, 0xF0, 0x98,
  0x08, 0x03, 0x82, 0x60, 0x40, 0x0E, 0x11, 0x82, 0x00, 0x1C, 0x87, 0x10,
  0x00, 0x3C, 0x0F, 0x80, 0x00, 0x00, 0x00, 0x38, 0x03, 0x81, 0xE0, 0x33,
  0x0B, 0x80, 0x8E, 0x2C, 0x04, 0x39, 0x00, 0x10, 0xE8, 0x00, 0x83, 0xA0,
  0x02, 0x1F, 0x00, 0x10, 0x78, 0x00, 0x01, 0xE0, 0x00, 0x07, 0x00, 0x40,
  0x3C, 0x01, 0x00, 0xF0, 0x08, 0x07, 0xC0, 0x20, 0x17, 0x01, 0x00, 0xDC,
  0x04, 0x02, 0x70, 0x20, 0x11, 0xC1, 0x00, 0xC3, 0x88, 0x06, 0x07, 0xC0,
  0x70, 0x00, 0x03, 0x00, 0x00, 0x00, 0x00, 0x00, 0x1C, 0x07, 0x80, 0x00,
  0x0F, 0x03, 0xC0, 0x00, 0x03, 0xC0, 0x78, 0x00, 0x00, 0x78, 0x1E, 0x00,
  0x00, 0x1E, 0x03, 0xC0, 0x00, 0x03, 0xC0, 0xF0, 0x00, 0x00, 0xF0, 0x1E,
  0x00, 0x00, 0x1E, 0x07, 0x80, 0x00, 0x03, 0x80, 0xF0, 0x00, 0x00, 0xF0,
  0x3E, 0x04, 0x00, 0x1C, 0x07, 0x81, 0x00, 0x03, 0x81, 0xF0, 0x20, 0x00,
  0xF0, 0x2E, 0x04, 0x00, 0x1C, 0x0B, 0x81, 0x00, 0x03, 0x83, 0x70, 0x20,
  0x00, 0xE0, 0x4E, 0x08, 0x00, 0x1C, 0x13, 0x82, 0x00, 0x03, 0x84, 0x70,
  0xC0, 0x00, 0x39, 0x0E, 0x10, 0x00, 0x03, 0xC3, 0x8C, 0x00, 0x00, 0x00,
  0x72, 0x00, 0x00, 0x00, 0x1F, 0x80, 0x00, 0x00, 0x07, 0xC0, 0x00, 0x00,
  0x07, 0xE0, 0x00, 0x00, 0x0F, 0x9C, 0x00, 0x00, 0x0F, 0x87, 0x00, 0x00,
  0x0F, 0x01, 0xE0, 0x00, 0x03, 0x80, 0x38, 0x00, 0x01, 0xC0, 0x0E, 0x00,
  0x00, 0x70, 0x03, 0xC0, 0x00, 0x1C, 0x00, 0xF0, 0x00, 0x03, 0x00, 0x3C,
  0x00, 0x00, 0x40, 0x0F, 0x00, 0x00, 0x18, 0x03, 0xC0, 0x00, 0x03, 0x00,
  0xF0, 0x00, 0x00, 0x20, 0x3C, 0x00, 0x00, 0x04, 0x1F, 0x00, 0x00, 0x00,
  0x7F, 0x00, 0x00, 0x00, 0x00, 0x00, 0xF8, 0x20, 0x0F, 0xFF, 0xC0, 0x7F,
  0xFE, 0x01, 0x81, 0xF0, 0x08, 0x03, 0x00, 0x60, 0x18, 0x01, 0x00, 0xC0,
  0x08, 0x02, 0x00, 0x20, 0x18, 0x04, 0x00, 0xC0, 0x20, 0x02, 0x00, 0x80,
  0x18, 0x02, 0x00, 0xC0, 0x10, 0x02, 0x00, 0x40, 0x10, 0x02, 0x00, 0x80,
  0x18, 0x0F, 0x80, 0xC1, 0xFF, 0xFE, 0x0F, 0xFF, 0xF0, 0x38, 0x3F, 0x80,
  0x00, 0x00, 0x3E, 0x00, 0x03, 0xC0, 0x00, 0x0E, 0x00, 0x00, 0x38, 0x00,
  0x00, 0xE0, 0x00, 0x01, 0xC0, 0x00, 0x07, 0x00, 0x00, 0x0E, 0x00, 0x00,
  0x1C, 0x00, 0x00, 0x78, 0x00, 0x00, 0xE0, 0x00, 0x01, 0xC0, 0x00, 0x03,
  0x80, 0x00, 0x07, 0x00, 0x00, 0x0E, 0x00, 0x00, 0x38, 0x00, 0x00, 0x70,
  0x00, 0x00, 0xE0, 0x00, 0x03, 0x80, 0x00, 0x07, 0x00, 0x00, 0x1C, 0x00,
  0x00, 0x70, 0x00, 0x07, 0x80, 0x00, 0x78, 0x00, 0x00, 0x7C, 0x00, 0x00,
  0x0E, 0x00, 0x00, 0x0E, 0x00, 0x00, 0x1C, 0x00, 0x00, 0x38, 0x00, 0x00,
  0x70, 0x00, 0x00, 0xE0, 0x00, 0x01, 0xC0, 0x00, 0x03, 0x80, 0x00, 0x07,
  0x00, 0x00, 0x1C, 0x00, 0x00, 0x38, 0x00, 0x00, 0x70, 0x00, 0x01, 0xC0,
  0x00, 0x03, 0x80, 0x00, 0x07, 0x00, 0x00, 0x0E, 0x00, 0x00, 0x1C, 0x00,
  0x00, 0x30, 0x00, 0x00, 0x60, 0x00, 0x00, 0xE0, 0x00, 0x01, 0xC0, 0x00,
  0x01, 0xE0, 0x00, 0x00, 0xFC, 0x00, 0x00, 0x00, 0x01, 0x80, 0x00, 0x01,
  0xC0, 0x00, 0x00, 0xC0, 0x00, 0x00, 0x60, 0x00, 0x00, 0x70, 0x00, 0x00,
  0x30, 0x00, 0x00, 0x38, 0x00, 0x00, 0x18, 0x00, 0x00, 0x1C, 0x00, 0x00,
  0x0E, 0x00, 0x00, 0x06, 0x00, 0x00, 0x07, 0x00, 0x00, 0x03, 0x00, 0x00,
  0x03, 0x80, 0x00, 0x01, 0x80, 0x00, 0x00, 0xC0, 0x00, 0x00, 0xE0, 0x00,
  0x00, 0x60, 0x00, 0x00, 0x70, 0x00, 0x00, 0x30, 0x00, 0x00, 0x38, 0x00,
  0x00, 0x18, 0x00, 0x00, 0x0C, 0x00, 0x00, 0x0E, 0x00, 0x00, 0x06, 0x00,
  0x00, 0x07, 0x00, 0x00, 0x03, 0x00, 0x00, 0x01, 0x80, 0x00, 0x01, 0xC0,
  0x00, 0x00, 0xC0, 0x00, 0x00, 0xE0, 0x00, 0x00, 0x60, 0x00, 0x00, 0x70,
  0x00, 0x00, 0x30, 0x00, 0x00, 0x18, 0x00, 0x00, 0x1C, 0x00, 0x00, 0x0C,
  0x00, 0x00, 0x0E, 0x00, 0x00, 0x06, 0x00, 0x00, 0x07, 0x00, 0x00, 0x03,
  0x80, 0x00, 0x01, 0x80, 0x00, 0x01, 0xC0, 0x00, 0x00, 0xC0, 0x00, 0x00,
  0xE0, 0x00, 0x00, 0x60, 0x00, 0x00, 0x30, 0x00, 0x00, 0x38, 0x00, 0x00,
  0x18, 0x00, 0x00, 0x1C, 0x00, 0x00, 0x0C, 0x00, 0x00, 0x0E, 0x00, 0x00,
  0x06, 0x00, 0x00, 0x03, 0x00, 0x00, 0x03, 0x80, 0x00, 0x00, 0x00, 0x0F,
  0xC0, 0x00, 0x00, 0xF0, 0x00, 0x00, 0x70, 0x00, 0x00, 0x38, 0x00, 0x00,
  0x38, 0x00, 0x00, 0x38, 0x00, 0x00, 0x38, 0x00, 0x00, 0x78, 0x00, 0x00,
  0x70, 0x00, 0x00, 0x70, 0x00, 0x00, 0xF0, 0x00, 0x00, 0xF0, 0x00, 0x00,
  0xE0, 0x00, 0x00, 0xE0, 0x00, 0x01, 0xE0, 0x00, 0x01, 0xC0, 0x00, 0x01,
  0xC0, 0x00, 0x01, 0xC0, 0x00, 0x01, 0xC0, 0x00, 0x01, 0xC0, 0x00, 0x01,
  0xC0, 0x00, 0x01, 0xC0, 0x00, 0x00, 0xE0, 0x00, 0x00, 0x7F, 0x00, 0x00,
  0x0E, 0x00, 0x00, 0x70, 0x00, 0x01, 0x80, 0x00, 0x07, 0x00, 0x00, 0x0E,
  0x00, 0x00, 0x0E, 0x00, 0x00, 0x1C, 0x00, 0x00, 0x1C, 0x00, 0x00, 0x3C,
  0x00, 0x00, 0x38, 0x00, 0x00, 0x38, 0x00, 0x00, 0x38, 0x00, 0x00, 0x78,
  0x00, 0x00, 0x78, 0x00, 0x00, 0x78, 0x00, 0x00, 0x70, 0x00, 0x00, 0x70,
  0x00, 0x00, 0xF0, 0x00, 0x00, 0xE0, 0x00, 0x00, 0xE0, 0x00, 0x01, 0xC0,
  0x00, 0x03, 0x80, 0x00, 0x0F, 0x00, 0x00, 0xFC, 0x00, 0x00, 0x1E, 0x01,
  0x3F, 0xC3, 0x7F, 0xFE, 0x43, 0xFC, 0x80, 0x78
};

const GFXglyph GreatVibes28pt7bGlyphs[] PROGMEM = {
  {     0,  1,  1,  9,   0,  -1 }, // 0x20  
  {     1, 20, 36, 17,   4, -35 }, // 0x21 !
  {    91, 11, 11, 11,   6, -36 }, // 0x22 "
  {   107, 37, 41, 44,   9, -40 }, // 0x23 #
  {   297, 30, 39, 25,  -4, -36 }, // 0x24 $
  {   444, 36, 46, 34,  -2, -41 }, // 0x25 %
  {   651, 40, 42, 34,   1, -39 }, // 0x26 &
  {   861,  5, 11,  6,   6, -36 }, // 0x27 apostrophe
  {   868, 27, 46, 29,   9, -43 }, // 0x28 (
  {  1024, 27, 46, 28,   1, -43 }, // 0x29 )
  {  1180, 22, 18, 30,   9, -37 }, // 0x2A *
  {  1230, 15, 14, 19,   3, -20 }, // 0x2B +
  {  1257,  6, 10, 12,   3,  -4 }, // 0x2C ,
  {  1265, 15,  2, 22,   7, -14 }, // 0x2D -
  {  1269,  5,  5, 11,   4,  -4 }, // 0x2E .
  {  1273, 41, 48, 28,   4, -46 }, // 0x2F /
  {  1519, 25, 33, 25,   2, -33 }, // 0x30 0
  {  1623, 21, 32, 17,   1, -32 }, // 0x31 1
  {  1707, 28, 33, 22,  -4, -33 }, // 0x32 2
  {  1823, 27, 33, 21,  -3, -33 }, // 0x33 3
  {  1935, 23, 32, 22,   1, -32 }, // 0x34 4
  {  2027, 29, 33, 20,  -3, -33 }, // 0x35 5
  {  2147, 22, 33, 22,   1, -33 }, // 0x36 6
  {  2238, 24, 32, 19,   1, -32 }, // 0x37 7
  {  2334, 24, 33, 21,   0, -33 }, // 0x38 8
  {  2433, 21, 33, 22,   3, -33 }, // 0x39 9
  {  2520, 11, 17, 16,   4, -16 }, // 0x3A :
  {  2544, 12, 22, 16,   3, -16 }, // 0x3B ;
  {  2577, 10, 14, 13,   2, -20 }, // 0x3C <
  {  2595, 17,  7, 21,   3, -17 }, // 0x3D =
  {  2610, 11, 14, 14,   2, -20 }, // 0x3E >
  {  2630, 21, 37, 22,   7, -36 }, // 0x3F ?
  {  2728, 48, 46, 57,   7, -38 }, // 0x40 @
  {  3004, 47, 47, 39,   1, -44 }, // 0x41 A
  {  3281, 59, 47, 58,   1, -45 }, // 0x42 B
  {  3628, 44, 51, 39,   3, -45 }, // 0x43 C
  {  3909, 56, 47, 58,   2, -45 }, // 0x44 D
  {  4238, 46, 47, 45,   1, -45 }, // 0x45 E
  {  4509, 77, 47, 58,   1, -42 }, // 0x46 F
  {  4962, 47, 67, 39,  -3, -46 }, // 0x47 G
  {  5356, 85, 55, 77,   0, -45 }, // 0x48 H
  {  5941, 67, 58, 50,  -1, -47 }, // 0x49 I
  {  6427, 73, 67, 53,  -3, -46 }, // 0x4A J
  {  7039, 91, 58, 66,   1, -48 }, // 0x4B K
  {  7699, 51, 62, 39,   0, -45 }, // 0x4C L
  {  8095, 79, 52, 73,   1, -46 }, // 0x4D M
  {  8609, 66, 52, 57,   0, -45 }, // 0x4E N
  {  9038, 47, 47, 40,   3, -44 }, // 0x4F O
  {  9315, 61, 48, 51,   0, -46 }, // 0x50 P
  {  9681, 44, 65, 42,   2, -45 }, // 0x51 Q
  { 10039, 60, 47, 57,   1, -45 }, // 0x52 R
  { 10392, 53, 51, 51,   2, -46 }, // 0x53 S
  { 10730, 77, 47, 51,   1, -42 }, // 0x54 T
  { 11183, 56, 52, 52,   0, -48 }, // 0x55 U
  { 11547, 58, 53, 54,   0, -48 }, // 0x56 V
  { 11932, 77, 52, 74,  -1, -45 }, // 0x57 W
  { 12433, 69, 59, 44,  -7, -47 }, // 0x58 X
  { 12942, 61, 70, 53,   1, -48 }, // 0x59 Y
  { 13476, 59, 55, 37,   1, -43 }, // 0x5A Z
  { 13882, 20, 48, 23,   4, -41 }, // 0x5B [
  { 14002, 40, 48, 46,   1, -46 }, // 0x5C backslash
  { 14242, 19, 48, 25,   4, -41 }, // 0x5D ]
  { 14356, 13, 12, 18,   3, -29 }, // 0x5E ^
  { 14376, 44,  2, 40,  -2,   5 }, // 0x5F _
  { 14387,  6,  9, 10,   2, -30 }, // 0x60 `
  { 14394, 22, 20, 20,   2, -20 }, // 0x61 a
  { 14449, 19, 35, 18,   2, -35 }, // 0x62 b
  { 14533, 16, 20, 14,   2, -20 }, // 0x63 c
  { 14573, 29, 36, 20,   2, -36 }, // 0x64 d
  { 14704, 16, 20, 14,   2, -20 }, // 0x65 e
  { 14744, 27, 55, 11,  -7, -36 }, // 0x66 f
  { 14930, 32, 38, 22,  -6, -20 }, // 0x67 g
  { 15082, 24, 34, 18,  -2, -34 }, // 0x68 h
  { 15184, 13, 27, 10,   1, -27 }, // 0x69 i
  { 15228, 36, 45, 10, -22, -27 }, // 0x6A j
  { 15431, 24, 35, 20,   0, -34 }, // 0x6B k
  { 15536, 17, 35, 12,   2, -35 }, // 0x6C l
  { 15611, 34, 19, 28,  -2, -19 }, // 0x6D m
  { 15692, 25, 19, 19,  -2, -19 }, // 0x6E n
  { 15752, 21, 20, 19,   2, -20 }, // 0x6F o
  { 15805, 28, 35, 18,  -8, -20 }, // 0x70 p
  { 15928, 18, 36, 19,   2, -20 }, // 0x71 q
  { 16009, 15, 26, 14,   3, -26 }, // 0x72 r
  { 16058, 20, 23, 15,  -1, -23 }, // 0x73 s
  { 16116, 13, 30, 11,   2, -30 }, // 0x74 t
  { 16165, 22, 20, 20,   1, -20 }, // 0x75 u
  { 16220, 19, 21, 17,   2, -21 }, // 0x76 v
  { 16270, 30, 21, 27,   1, -21 }, // 0x77 w
  { 16349, 22, 22, 18,   0, -20 }, // 0x78 x
  { 16410, 35, 38, 21, -10, -20 }, // 0x79 y
  { 16577, 22, 20, 19,   1, -20 }, // 0x7A z
  { 16632, 23, 48, 30,   9, -41 }, // 0x7B {
  { 16770, 25, 55, 25,   0, -42 }, // 0x7C |
  { 16942, 24, 48, 28,   3, -41 }, // 0x7D }
  { 17086, 16,  5, 21,   3, -17 }, // 0x7E ~
};

const GFXfont GreatVibes28pt7b PROGMEM = {
  (uint8_t  *)GreatVibes28pt7bBitmaps,
  (GFXglyph *)GreatVibes28pt7bGlyphs,
  0x20, 0x7E, 69
};

#endif // GREATVIBES28PT7B_H
